Removed Pin From Net: NetName=VCC Pin=D2-2
Removed Pin From Net: NetName=VCC Pin=F1-1
Removed Pin From Net: NetName=VCC Pin=F2-1
Removed Pin From Net: NetName=VCC Pin=F3-1
Removed Pin From Net: NetName=VCC Pin=F4-1
Removed Pin From Net: NetName=dGND Pin=J6-1
Removed Pin From Net: NetName=CANL Pin=J6-2
Removed Pin From Net: NetName=CANL Pin=J6-3
Removed Pin From Net: NetName=5V Pin=J6-4
Removed Pin From Net: NetName=CANH Pin=J6-5
Removed Pin From Net: NetName=CANH Pin=J6-6
Removed Pin From Net: NetName=USB_N Pin=J11-2
Removed Pin From Net: NetName=USB_P Pin=J11-3
Removed Pin From Net: NetName=dGND Pin=J11-5
Removed Pin From Net: NetName=dGND Pin=J11-6
Removed Pin From Net: NetName=dGND Pin=J11-7
Removed Pin From Net: NetName=dGND Pin=J11-8
Removed Pin From Net: NetName=dGND Pin=J11-9
Removed Pin From Net: NetName=dGND Pin=J12-1
Removed Pin From Net: NetName=3V3 Pin=J12-2
Removed Pin From Net: NetName=VCC Pin=Q2-1
Removed Pin From Net: NetName=VCC Pin=Q2-2
Removed Pin From Net: NetName=VCC Pin=Q2-3
Removed Pin From Net: NetName=VCC Pin=R1-1
Removed Pin From Net: NetName=NetD1_1 Pin=R1-2
Removed Pin From Net: NetName=VCC Pin=R3-1
Removed Pin From Net: NetName=dGND Pin=R4-2
Removed Pin From Net: NetName=NetQ1_4 Pin=R5-1
Removed Pin From Net: NetName=NetD3_1 Pin=R7-1
Removed Pin From Net: NetName=3V3 Pin=R7-2
Removed Pin From Net: NetName=3V3 Pin=SB1-2
Removed Member From Class: ClassName=ESC Member=C1
Removed Member From Class: ClassName=ESC Member=C2
Removed Member From Class: ClassName=ESC Member=C3
Removed Member From Class: ClassName=ESC Member=F1
Removed Member From Class: ClassName=ESC Member=F2
Removed Member From Class: ClassName=ESC Member=F3
Removed Member From Class: ClassName=ESC Member=F4
Removed Member From Class: ClassName=ESC Member=F5
Removed Member From Class: ClassName=ESC Member=J3
Removed Member From Class: ClassName=ESC Member=J11
Removed Member From Class: ClassName=ESC Member=J12
Removed Member From Class: ClassName=ESC Member=SB1
Change Component Footprint: Designator=C1 Old Footprint=CAPACITOR_0603 New Footprint=CAPACITOR_1206
Change Component Footprint: Designator=J6 Old Footprint=CONN_MOLEX_MINIFIT JR_6 POS_R/A New Footprint=CONN_JST_BM04B-GHS-TBT(LF)(SN)(N)
Change Component Footprint: Designator=Q2 Old Footprint=MOSFET_7DP-T1-GE3_VIS New Footprint=SOT-23-3
Change Component Footprint: Designator=J1 Old Footprint=Redcube M4 Term 85A New Footprint=CONN_MOLEX_MICROFIT+_8POS_R/A
Change Component Footprint: Designator=J4 Old Footprint=Redcube M4 Term 85A New Footprint=CONN_MOLEX_MINIFIT JR_2 POS_R/A
Change Component Footprint: Designator=J2 Old Footprint=Redcube M4 Term 85A New Footprint=CONN_MOLEX_MINIFIT JR_4 POS_R/A
Change Component Footprint: Designator=D2 Old Footprint=SOD-123 New Footprint=LED_0603
Change Component Comment : Designator=R1 Old Comment=1k Ohm 5% 1/8W New Comment=4.7k Ohm 5% 1/10W
Change Component Comment : Designator=R2 Old Comment=1k Ohm 5% 1/8W New Comment=10k Ohm 5% 1/10W
Change Component Comment : Designator=R4 Old Comment=1k Ohm 5% 1/10W New Comment=3.9k Ohm 5% 1/10W
Change Component Comment : Designator=C1 Old Comment=1uF Ceramic 16V New Comment=10uF Ceramic 25V
Change Component Comment : Designator=R3 Old Comment=10k Ohm 0.5% 1/10W New Comment=4.7k Ohm 5% 1/10W
Change Component Comment : Designator=C2 Old Comment=10uF Ceramic 6.3V New Comment=100nF Ceramic 6.3V
Change Component Comment : Designator=C3 Old Comment=10uF Ceramic 6.3V New Comment=100nF Ceramic 6.3V
Change Component Comment : Designator=R6 Old Comment=27 Ohm 5% 1/8W New Comment=1k Ohm 5% 1/8W
Change Component Comment : Designator=R5 Old Comment=27 Ohm 5% 1/8W New Comment=10k Ohm 5% 1/10W
Change Component Comment : Designator=R7 Old Comment=62 Ohm 1% 1/4W New Comment=3.9k Ohm 5% 1/10W
Change Component Comment : Designator=D1 Old Comment=150060BS75000 New Comment=IN-S63AT5G
Change Component Comment : Designator=D3 Old Comment=150060GS75000 New Comment=IN-S63AT5G
Change Component Comment : Designator=J6 Old Comment=Mini-Fit Jr R/A New Comment=JST GH VERT
Change Component Comment : Designator=Q2 Old Comment=MOSFET P-Ch 30V 60A SO-8 New Comment=AO3404A
Change Component Comment : Designator=Q1 Old Comment=MOSFET P-Ch 30V 60A SO-8 New Comment=SIR167DP-T1-GE3
Change Component Comment : Designator=J1 Old Comment=Redcube M4 Term 85A New Comment=Microfit+ R/A
Change Component Comment : Designator=J2 Old Comment=Redcube M4 Term 85A New Comment=Mini-Fit Jr R/A
Change Component Comment : Designator=J4 Old Comment=Redcube M4 Term 85A New Comment=Mini-Fit Jr R/A
Change Component Comment : Designator=D2 Old Comment=Zener_Diode_10V_410mW New Comment=IN-S63AT5G
Change component parameters: Designator = "C1" ("C1"); Footprint = "CAPACITOR_0603"; UniqueID = "\BPFIFMBS\GQKMSTUC" ("\BPFIFMBS\GQKMSTUC")
Change component parameters (AddParameter): Name = "Made By"; Value = "Robert Pafford"; VariantName = "[No Variations]"
Change component parameters (AddParameter): Name = "Supplier 1"; Value = "Digi-Key"; VariantName = "[No Variations]"
Change component parameters (AddParameter): Name = "Supplier Part Number 1"; Value = "1276-1804-6-ND"; VariantName = "[No Variations]"
Change component parameters (AddParameter): Name = "Tolerance"; Value = "+/- 10%"; VariantName = "[No Variations]"
Change component parameters (AddParameter): Name = "Value (uF)"; Value = "10 uF"; VariantName = "[No Variations]"
Change component parameters (AddParameter): Name = "Verified By"; Value = ""; VariantName = "[No Variations]"
Change component parameters (AddParameter): Name = "Voltage"; Value = "25V"; VariantName = "[No Variations]"
Change component parameters: Designator = "C2" ("C2"); Footprint = "CAPACITOR_0603"; UniqueID = "\JXFPTJVO\HTUYXLMJ" ("\JXFPTJVO\HTUYXLMJ")
Change component parameters (AddParameter): Name = "ComponentLink1Description"; Value = "Datsheet"; VariantName = "[No Variations]"
Change component parameters (AddParameter): Name = "ComponentLink1URL"; Value = "https://www.mouser.com/datasheet/2/212/KEM_C1002_X7R_SMD-1102033.pdf"; VariantName = "[No Variations]"
Change component parameters (AddParameter): Name = "Made By"; Value = "Flip B"; VariantName = "[No Variations]"
Change component parameters (AddParameter): Name = "Supplier 1"; Value = "Digi-Key"; VariantName = "[No Variations]"
Change component parameters (AddParameter): Name = "Supplier Part Number 1"; Value = "399-15351-1-ND"; VariantName = "[No Variations]"
Change component parameters (AddParameter): Name = "Tolerance"; Value = "+/- 10%"; VariantName = "[No Variations]"
Change component parameters (AddParameter): Name = "Value"; Value = "0.1uF"; VariantName = "[No Variations]"
Change component parameters (AddParameter): Name = "Verified By"; Value = ""; VariantName = "[No Variations]"
Change component parameters (AddParameter): Name = "Voltage"; Value = "6.3V"; VariantName = "[No Variations]"
Change component parameters: Designator = "C3" ("C3"); Footprint = "CAPACITOR_0603"; UniqueID = "\JXFPTJVO\PHWSCYAY" ("\JXFPTJVO\PHWSCYAY")
Change component parameters (AddParameter): Name = "ComponentLink1Description"; Value = "Datsheet"; VariantName = "[No Variations]"
Change component parameters (AddParameter): Name = "ComponentLink1URL"; Value = "https://www.mouser.com/datasheet/2/212/KEM_C1002_X7R_SMD-1102033.pdf"; VariantName = "[No Variations]"
Change component parameters (AddParameter): Name = "Made By"; Value = "Flip B"; VariantName = "[No Variations]"
Change component parameters (AddParameter): Name = "Supplier 1"; Value = "Digi-Key"; VariantName = "[No Variations]"
Change component parameters (AddParameter): Name = "Supplier Part Number 1"; Value = "399-15351-1-ND"; VariantName = "[No Variations]"
Change component parameters (AddParameter): Name = "Tolerance"; Value = "+/- 10%"; VariantName = "[No Variations]"
Change component parameters (AddParameter): Name = "Value"; Value = "0.1uF"; VariantName = "[No Variations]"
Change component parameters (AddParameter): Name = "Verified By"; Value = ""; VariantName = "[No Variations]"
Change component parameters (AddParameter): Name = "Voltage"; Value = "6.3V"; VariantName = "[No Variations]"
Change component parameters: Designator = "D1" ("D1"); Footprint = "LED_0603"; UniqueID = "\JEANPLVN" ("\JEANPLVN")
Change component parameters (AddParameter): Name = "Color"; Value = "Green"; VariantName = "[No Variations]"
Change component parameters (AddParameter): Name = "ComponentLink1Description"; Value = "Datasheet"; VariantName = "[No Variations]"
Change component parameters (AddParameter): Name = "ComponentLink1URL"; Value = "https://www.we-online.de/katalog/datasheet/150060GS75000.pdf"; VariantName = "[No Variations]"
Change component parameters (AddParameter): Name = "Forward Current"; Value = "5mA"; VariantName = "[No Variations]"
Change component parameters (AddParameter): Name = "Forward Voltage"; Value = "3V"; VariantName = "[No Variations]"
Change component parameters (AddParameter): Name = "Made By"; Value = "Robert Pafford"; VariantName = "[No Variations]"
Change component parameters (AddParameter): Name = "Package"; Value = "0603"; VariantName = "[No Variations]"
Change component parameters (AddParameter): Name = "Supplier 1"; Value = "Digi-Key"; VariantName = "[No Variations]"
Change component parameters (AddParameter): Name = "Supplier Part Number 1"; Value = "1830-1062-1-ND"; VariantName = "[No Variations]"
Change component parameters (AddParameter): Name = "Verified By"; Value = ""; VariantName = "[No Variations]"
Change component parameters: Designator = "D2" ("D2"); Footprint = "SOD-123"; UniqueID = "\BBINDRZV" ("\BBINDRZV")
Change component parameters (AddParameter): Name = "Color"; Value = "Green"; VariantName = "[No Variations]"
Change component parameters (AddParameter): Name = "ComponentLink1Description"; Value = "Datasheet"; VariantName = "[No Variations]"
Change component parameters (AddParameter): Name = "ComponentLink1URL"; Value = "https://www.we-online.de/katalog/datasheet/150060GS75000.pdf"; VariantName = "[No Variations]"
Change component parameters (AddParameter): Name = "Forward Current"; Value = "5mA"; VariantName = "[No Variations]"
Change component parameters (AddParameter): Name = "Forward Voltage"; Value = "3V"; VariantName = "[No Variations]"
Change component parameters (AddParameter): Name = "Made By"; Value = "Robert Pafford"; VariantName = "[No Variations]"
Change component parameters (AddParameter): Name = "Package"; Value = "0603"; VariantName = "[No Variations]"
Change component parameters (AddParameter): Name = "Supplier 1"; Value = "Digi-Key"; VariantName = "[No Variations]"
Change component parameters (AddParameter): Name = "Supplier Part Number 1"; Value = "1830-1062-1-ND"; VariantName = "[No Variations]"
Change component parameters (AddParameter): Name = "Verified By"; Value = ""; VariantName = "[No Variations]"
Change component parameters: Designator = "D3" ("D3"); Footprint = "LED_0603"; UniqueID = "\JEQLUTWS" ("\JEQLUTWS")
Change component parameters (AddParameter): Name = "Color"; Value = "Green"; VariantName = "[No Variations]"
Change component parameters (AddParameter): Name = "ComponentLink1Description"; Value = "Datasheet"; VariantName = "[No Variations]"
Change component parameters (AddParameter): Name = "ComponentLink1URL"; Value = "https://www.we-online.de/katalog/datasheet/150060GS75000.pdf"; VariantName = "[No Variations]"
Change component parameters (AddParameter): Name = "Forward Current"; Value = "5mA"; VariantName = "[No Variations]"
Change component parameters (AddParameter): Name = "Forward Voltage"; Value = "3V"; VariantName = "[No Variations]"
Change component parameters (AddParameter): Name = "Made By"; Value = "Robert Pafford"; VariantName = "[No Variations]"
Change component parameters (AddParameter): Name = "Package"; Value = "0603"; VariantName = "[No Variations]"
Change component parameters (AddParameter): Name = "Supplier 1"; Value = "Digi-Key"; VariantName = "[No Variations]"
Change component parameters (AddParameter): Name = "Supplier Part Number 1"; Value = "1830-1062-1-ND"; VariantName = "[No Variations]"
Change component parameters (AddParameter): Name = "Verified By"; Value = ""; VariantName = "[No Variations]"
Change component parameters: Designator = "J1" ("J1"); Footprint = "Redcube M4 Term 85A"; UniqueID = "\YRBWOVAE" ("\YRBWOVAE")
Change component parameters (AddParameter): Name = "Color"; Value = "Black"; VariantName = "[No Variations]"
Change component parameters (AddParameter): Name = "Configuration"; Value = "R/A"; VariantName = "[No Variations]"
Change component parameters (AddParameter): Name = "Current Rating"; Value = "12.5A"; VariantName = "[No Variations]"
Change component parameters (AddParameter): Name = "Manufacturer"; Value = "Molex"; VariantName = "[No Variations]"
Change component parameters (AddParameter): Name = "Pitch"; Value = "3.0mm"; VariantName = "[No Variations]"
Change component parameters (AddParameter): Name = "Supplier 1"; Value = "Digikey"; VariantName = "[No Variations]"
Change component parameters (AddParameter): Name = "Supplier Part Number 1"; Value = "900-2125280800-ND"; VariantName = "[No Variations]"
Change component parameters: Designator = "J2" ("J2"); Footprint = "Redcube M4 Term 85A"; UniqueID = "\SLMOHIBY" ("\SLMOHIBY")
Change component parameters (AddParameter): Name = "Color"; Value = "Natural"; VariantName = "[No Variations]"
Change component parameters (AddParameter): Name = "ComponentLink1Description"; Value = "Datasheet"; VariantName = "[No Variations]"
Change component parameters (AddParameter): Name = "ComponentLink1URL"; Value = "https://www.molex.com/pdm_docs/sd/026013115_sd.pdf"; VariantName = "[No Variations]"
Change component parameters (AddParameter): Name = "Configuration"; Value = "Right Angle"; VariantName = "[No Variations]"
Change component parameters (AddParameter): Name = "Created By"; Value = "Flip B"; VariantName = "[No Variations]"
Change component parameters (AddParameter): Name = "Current Per Pin"; Value = "13A"; VariantName = "[No Variations]"
Change component parameters (AddParameter): Name = "Manufacturer"; Value = "Molex"; VariantName = "[No Variations]"
Change component parameters (AddParameter): Name = "Number of Positions"; Value = "4"; VariantName = "[No Variations]"
Change component parameters (AddParameter): Name = "Pitch"; Value = "4.2mm"; VariantName = "[No Variations]"
Change component parameters (AddParameter): Name = "Series"; Value = "Minifit Jr 5569"; VariantName = "[No Variations]"
Change component parameters (AddParameter): Name = "Supplier 1"; Value = "Digi-Key"; VariantName = "[No Variations]"
Change component parameters (AddParameter): Name = "Supplier Part Number 1"; Value = "WM13112-ND"; VariantName = "[No Variations]"
Change component parameters (AddParameter): Name = "Verified By"; Value = ""; VariantName = "[No Variations]"
Change component parameters: Designator = "J4" ("J4"); Footprint = "Redcube M4 Term 85A"; UniqueID = "\ZAXBLKXN" ("\ZAXBLKXN")
Change component parameters (AddParameter): Name = "Color"; Value = "Natural"; VariantName = "[No Variations]"
Change component parameters (AddParameter): Name = "ComponentLink1Description"; Value = "Datasheet"; VariantName = "[No Variations]"
Change component parameters (AddParameter): Name = "ComponentLink1URL"; Value = "https://www.molex.com/pdm_docs/sd/026013115_sd.pdf"; VariantName = "[No Variations]"
Change component parameters (AddParameter): Name = "Configuration"; Value = "Right Angle"; VariantName = "[No Variations]"
Change component parameters (AddParameter): Name = "Created By"; Value = "Robert P"; VariantName = "[No Variations]"
Change component parameters (AddParameter): Name = "Current Per Pin"; Value = "13A"; VariantName = "[No Variations]"
Change component parameters (AddParameter): Name = "Manufacturer"; Value = "Molex"; VariantName = "[No Variations]"
Change component parameters (AddParameter): Name = "Number of Positions"; Value = "2"; VariantName = "[No Variations]"
Change component parameters (AddParameter): Name = "Pitch"; Value = "4.2mm"; VariantName = "[No Variations]"
Change component parameters (AddParameter): Name = "Series"; Value = "Minifit Jr 5569"; VariantName = "[No Variations]"
Change component parameters (AddParameter): Name = "Supplier 1"; Value = "Digi-Key"; VariantName = "[No Variations]"
Change component parameters (AddParameter): Name = "Supplier Part Number 1"; Value = "WM1351-ND"; VariantName = "[No Variations]"
Change component parameters (AddParameter): Name = "Verified By"; Value = ""; VariantName = "[No Variations]"
Change component parameters: Designator = "J6" ("J6"); Footprint = "CONN_MOLEX_MINIFIT JR_6 POS_R/A"; UniqueID = "\YWFARCWU" ("\YWFARCWU")
Change component parameters (AddParameter): Name = "Color"; Value = "Natural"; VariantName = "[No Variations]"
Change component parameters (AddParameter): Name = "Configuration"; Value = "Vertical"; VariantName = "[No Variations]"
Change component parameters (AddParameter): Name = "Created By"; Value = "Robert P"; VariantName = "[No Variations]"
Change component parameters (AddParameter): Name = "Current Per Pin"; Value = "1A"; VariantName = "[No Variations]"
Change component parameters (AddParameter): Name = "Manufacturer"; Value = "JST"; VariantName = "[No Variations]"
Change component parameters (AddParameter): Name = "Number of Positions"; Value = "4"; VariantName = "[No Variations]"
Change component parameters (AddParameter): Name = "Pitch"; Value = "1.25mm"; VariantName = "[No Variations]"
Change component parameters (AddParameter): Name = "Series"; Value = "GH"; VariantName = "[No Variations]"
Change component parameters (AddParameter): Name = "Supplier 1"; Value = "Digi-Key"; VariantName = "[No Variations]"
Change component parameters (AddParameter): Name = "Supplier Part Number 1"; Value = "455-1580-1-ND"; VariantName = "[No Variations]"
Change component parameters (AddParameter): Name = "Verified By"; Value = ""; VariantName = "[No Variations]"
Change component parameters: Designator = "Q1" ("Q1"); Footprint = "MOSFET_7DP-T1-GE3_VIS"; UniqueID = "\LHTCUPZR" ("\LHTCUPZR")
Change component parameters (AddParameter): Name = "Copyright"; Value = "Copyright (C) 2022 Ultra Librarian. All rights reserved."; VariantName = "[No Variations]"
Change component parameters (AddParameter): Name = "Manufacturer_Part_Number"; Value = "SIR167DP-T1-GE3"; VariantName = "[No Variations]"
Change component parameters (AddParameter): Name = "Mfr_Name"; Value = "Vishay"; VariantName = "[No Variations]"
Change component parameters (AddParameter): Name = "RefDes"; Value = "RefDes"; VariantName = "[No Variations]"
Change component parameters (AddParameter): Name = "Supplier 1"; Value = "Mouser"; VariantName = "[No Variations]"
Change component parameters (AddParameter): Name = "Supplier Part Number 1"; Value = "78-SIR167DP-T1-GE3"; VariantName = "[No Variations]"
Change component parameters (AddParameter): Name = "Type"; Value = "DEV"; VariantName = "[No Variations]"
Change component parameters: Designator = "Q2" ("Q2"); Footprint = "MOSFET_7DP-T1-GE3_VIS"; UniqueID = "\DJCPZLVB" ("\DJCPZLVB")
Change component parameters (AddParameter): Name = "Amp Rating"; Value = "5.8 A"; VariantName = "[No Variations]"
Change component parameters (AddParameter): Name = "Created By"; Value = "Dylan T"; VariantName = "[No Variations]"
Change component parameters (AddParameter): Name = "FET Type"; Value = "N-Channel"; VariantName = "[No Variations]"
Change component parameters (AddParameter): Name = "Manufacturer _Part_Number"; Value = "AO3404A"; VariantName = "[No Variations]"
Change component parameters (AddParameter): Name = "Package"; Value = "SOT23-3L"; VariantName = "[No Variations]"
Change component parameters (AddParameter): Name = "Power Dissipation"; Value = "1.4W (Ta)"; VariantName = "[No Variations]"
Change component parameters (AddParameter): Name = "Rds (on)"; Value = "28mOhm @ 5.8A, 10V"; VariantName = "[No Variations]"
Change component parameters (AddParameter): Name = "SourceLibrary"; Value = "ON_Semiconductor_2020-01-13"; VariantName = "[No Variations]"
Change component parameters (AddParameter): Name = "Supplier 1"; Value = "Digi-Key"; VariantName = "[No Variations]"
Change component parameters (AddParameter): Name = "Supplier Part Number 1"; Value = "785-1004-1-ND"; VariantName = "[No Variations]"
Change component parameters (AddParameter): Name = "Vdss"; Value = "30V"; VariantName = "[No Variations]"
Change component parameters (AddParameter): Name = "Vendor"; Value = "Alpha & Omega Semiconductor Inc."; VariantName = "[No Variations]"
Change component parameters (AddParameter): Name = "Verified By"; Value = ""; VariantName = "[No Variations]"
Change component parameters (AddParameter): Name = "Vgs (Max)"; Value = "3V @ 5.8A, 10V"; VariantName = "[No Variations]"
Change component parameters (AddParameter): Name = "Vgs (th)"; Value = "3V @ 250µA"; VariantName = "[No Variations]"
Change component parameters: Designator = "R1" ("R1"); Footprint = "RESISTOR_0603"; UniqueID = "\NJLJPQSW" ("\NJLJPQSW")
Change component parameters (AddParameter): Name = "Digikey Part Numer"; Value = "CR0603-JW-104ELFTR-ND"; VariantName = "[No Variations]"
Change component parameters (AddParameter): Name = "Made By"; Value = "Robert Pafford"; VariantName = "[No Variations]"
Change component parameters (AddParameter): Name = "Supplier"; Value = "Digikey"; VariantName = "[No Variations]"
Change component parameters (AddParameter): Name = "Supplier 1"; Value = "Digi-Key"; VariantName = "[No Variations]"
Change component parameters (AddParameter): Name = "Supplier Part Number 1"; Value = "RMCF0603JT4K70CT-ND"; VariantName = "[No Variations]"
Change component parameters (AddParameter): Name = "Tolerance"; Value = "+/- 5%"; VariantName = "[No Variations]"
Change component parameters (AddParameter): Name = "Value  (Ohms)"; Value = "4.7K"; VariantName = "[No Variations]"
Change component parameters (AddParameter): Name = "Verified By"; Value = ""; VariantName = "[No Variations]"
Change component parameters (AddParameter): Name = "Wattage"; Value = "1/10W"; VariantName = "[No Variations]"
Change component parameters: Designator = "R2" ("R2"); Footprint = "RESISTOR_0603"; UniqueID = "\WTIJDKWW" ("\WTIJDKWW")
Change component parameters (AddParameter): Name = "ComponentLink1Description"; Value = "Datasheet"; VariantName = "[No Variations]"
Change component parameters (AddParameter): Name = "ComponentLink1URL"; Value = "https://www.bourns.com/docs/product-datasheets/CRxxxxx.pdf"; VariantName = "[No Variations]"
Change component parameters (AddParameter): Name = "Digikey Part Numer"; Value = "CR0603-JW-104ELFTR-ND"; VariantName = "[No Variations]"
Change component parameters (AddParameter): Name = "Made By"; Value = "Robert Pafford"; VariantName = "[No Variations]"
Change component parameters (AddParameter): Name = "Supplier"; Value = "Digikey"; VariantName = "[No Variations]"
Change component parameters (AddParameter): Name = "Supplier 1"; Value = "Digi-Key"; VariantName = "[No Variations]"
Change component parameters (AddParameter): Name = "Supplier Part Number 1"; Value = "2019-RK73B1JTTD103JCT-ND"; VariantName = "[No Variations]"
Change component parameters (AddParameter): Name = "Tolerance"; Value = "+/- 5%"; VariantName = "[No Variations]"
Change component parameters (AddParameter): Name = "Value  (Ohms)"; Value = "10K"; VariantName = "[No Variations]"
Change component parameters (AddParameter): Name = "Verified By"; Value = ""; VariantName = "[No Variations]"
Change component parameters (AddParameter): Name = "Wattage"; Value = "1/8W"; VariantName = "[No Variations]"
Change component parameters: Designator = "R3" ("R3"); Footprint = "RESISTOR_0603"; UniqueID = "\FVGQDNXT" ("\FVGQDNXT")
Change component parameters (AddParameter): Name = "Digikey Part Numer"; Value = "CR0603-JW-104ELFTR-ND"; VariantName = "[No Variations]"
Change component parameters (AddParameter): Name = "Made By"; Value = "Robert Pafford"; VariantName = "[No Variations]"
Change component parameters (AddParameter): Name = "Supplier"; Value = "Digikey"; VariantName = "[No Variations]"
Change component parameters (AddParameter): Name = "Supplier 1"; Value = "Digi-Key"; VariantName = "[No Variations]"
Change component parameters (AddParameter): Name = "Supplier Part Number 1"; Value = "RMCF0603JT4K70CT-ND"; VariantName = "[No Variations]"
Change component parameters (AddParameter): Name = "Tolerance"; Value = "+/- 5%"; VariantName = "[No Variations]"
Change component parameters (AddParameter): Name = "Value  (Ohms)"; Value = "4.7K"; VariantName = "[No Variations]"
Change component parameters (AddParameter): Name = "Verified By"; Value = ""; VariantName = "[No Variations]"
Change component parameters (AddParameter): Name = "Wattage"; Value = "1/10W"; VariantName = "[No Variations]"
Change component parameters: Designator = "R4" ("R4"); Footprint = "RESISTOR_0603"; UniqueID = "\DTNVSVSH" ("\DTNVSVSH")
Change component parameters (AddParameter): Name = "Made By"; Value = "Robert Pafford"; VariantName = "[No Variations]"
Change component parameters (AddParameter): Name = "Supplier 1"; Value = "Digi-Key"; VariantName = "[No Variations]"
Change component parameters (AddParameter): Name = "Supplier Part Number 1"; Value = "P3.90KHCT-ND"; VariantName = "[No Variations]"
Change component parameters (AddParameter): Name = "Tolerance"; Value = "+/- 1%"; VariantName = "[No Variations]"
Change component parameters (AddParameter): Name = "Value  (Ohms)"; Value = "3.9K"; VariantName = "[No Variations]"
Change component parameters (AddParameter): Name = "Verified By"; Value = ""; VariantName = "[No Variations]"
Change component parameters (AddParameter): Name = "Wattage"; Value = "1/10W"; VariantName = "[No Variations]"
Change component parameters: Designator = "R5" ("R5"); Footprint = "RESISTOR_0603"; UniqueID = "\CTZOWPFJ" ("\CTZOWPFJ")
Change component parameters (AddParameter): Name = "ComponentLink1Description"; Value = "Datasheet"; VariantName = "[No Variations]"
Change component parameters (AddParameter): Name = "ComponentLink1URL"; Value = "https://www.bourns.com/docs/product-datasheets/CRxxxxx.pdf"; VariantName = "[No Variations]"
Change component parameters (AddParameter): Name = "Digikey Part Numer"; Value = "CR0603-JW-104ELFTR-ND"; VariantName = "[No Variations]"
Change component parameters (AddParameter): Name = "Made By"; Value = "Robert Pafford"; VariantName = "[No Variations]"
Change component parameters (AddParameter): Name = "Supplier"; Value = "Digikey"; VariantName = "[No Variations]"
Change component parameters (AddParameter): Name = "Supplier 1"; Value = "Digi-Key"; VariantName = "[No Variations]"
Change component parameters (AddParameter): Name = "Supplier Part Number 1"; Value = "2019-RK73B1JTTD103JCT-ND"; VariantName = "[No Variations]"
Change component parameters (AddParameter): Name = "Tolerance"; Value = "+/- 5%"; VariantName = "[No Variations]"
Change component parameters (AddParameter): Name = "Value  (Ohms)"; Value = "10K"; VariantName = "[No Variations]"
Change component parameters (AddParameter): Name = "Verified By"; Value = ""; VariantName = "[No Variations]"
Change component parameters (AddParameter): Name = "Wattage"; Value = "1/8W"; VariantName = "[No Variations]"
Change component parameters: Designator = "R6" ("R6"); Footprint = "RESISTOR_0603"; UniqueID = "\SDZAPCDX" ("\SDZAPCDX")
Change component parameters (AddParameter): Name = "ComponentLink1Description"; Value = "Datasheet"; VariantName = "[No Variations]"
Change component parameters (AddParameter): Name = "ComponentLink1URL"; Value = "https://www.bourns.com/docs/product-datasheets/CRxxxxx.pdf"; VariantName = "[No Variations]"
Change component parameters (AddParameter): Name = "Digikey Part Numer"; Value = "CR0603-JW-104ELFTR-ND"; VariantName = "[No Variations]"
Change component parameters (AddParameter): Name = "Made By"; Value = "Robert Pafford"; VariantName = "[No Variations]"
Change component parameters (AddParameter): Name = "Supplier"; Value = "Digikey"; VariantName = "[No Variations]"
Change component parameters (AddParameter): Name = "Supplier 1"; Value = "Digi-Key"; VariantName = "[No Variations]"
Change component parameters (AddParameter): Name = "Supplier Part Number 1"; Value = "2019-RK73B1JTTD102JCT-ND"; VariantName = "[No Variations]"
Change component parameters (AddParameter): Name = "Tolerance"; Value = "+/- 5%"; VariantName = "[No Variations]"
Change component parameters (AddParameter): Name = "Value  (Ohms)"; Value = "1K"; VariantName = "[No Variations]"
Change component parameters (AddParameter): Name = "Verified By"; Value = ""; VariantName = "[No Variations]"
Change component parameters (AddParameter): Name = "Wattage"; Value = "1/8W"; VariantName = "[No Variations]"
Change component parameters: Designator = "R7" ("R7"); Footprint = "RESISTOR_0603"; UniqueID = "\ICCGSVMS" ("\ICCGSVMS")
Change component parameters (AddParameter): Name = "Made By"; Value = "Robert Pafford"; VariantName = "[No Variations]"
Change component parameters (AddParameter): Name = "Supplier 1"; Value = "Digi-Key"; VariantName = "[No Variations]"
Change component parameters (AddParameter): Name = "Supplier Part Number 1"; Value = "P3.90KHCT-ND"; VariantName = "[No Variations]"
Change component parameters (AddParameter): Name = "Tolerance"; Value = "+/- 1%"; VariantName = "[No Variations]"
Change component parameters (AddParameter): Name = "Value  (Ohms)"; Value = "3.9K"; VariantName = "[No Variations]"
Change component parameters (AddParameter): Name = "Verified By"; Value = ""; VariantName = "[No Variations]"
Change component parameters (AddParameter): Name = "Wattage"; Value = "1/10W"; VariantName = "[No Variations]"
Added Component: Designator=C4(CAPACITOR_0603)
Add component (AddParameter): Name = "ComponentLink1Description"; Value = "Digikey"; VariantName = "[No Variations]"
Add component (AddParameter): Name = "ComponentLink1URL"; Value = "https://www.digikey.com/en/products/detail/samsung-electro-mechanics/CL10A106MQ8NNNC/3886777"; VariantName = "[No Variations]"
Add component (AddParameter): Name = "Made By"; Value = "Flip B"; VariantName = "[No Variations]"
Add component (AddParameter): Name = "Supplier 1"; Value = "Digi-Key"; VariantName = "[No Variations]"
Add component (AddParameter): Name = "Supplier Part Number 1"; Value = "1276-1119-1-ND"; VariantName = "[No Variations]"
Add component (AddParameter): Name = "Tolerance"; Value = "+/- 20%"; VariantName = "[No Variations]"
Add component (AddParameter): Name = "Value (uF)"; Value = "10 uF"; VariantName = "[No Variations]"
Add component (AddParameter): Name = "Verified By"; Value = ""; VariantName = "[No Variations]"
Add component (AddParameter): Name = "Voltage"; Value = "6.3V"; VariantName = "[No Variations]"
Added Component: Designator=C5(CAPACITOR_0603)
Add component (AddParameter): Name = "ComponentLink1Description"; Value = "Digikey"; VariantName = "[No Variations]"
Add component (AddParameter): Name = "ComponentLink1URL"; Value = "https://www.digikey.com/en/products/detail/samsung-electro-mechanics/CL10A106MQ8NNNC/3886777"; VariantName = "[No Variations]"
Add component (AddParameter): Name = "Made By"; Value = "Flip B"; VariantName = "[No Variations]"
Add component (AddParameter): Name = "Supplier 1"; Value = "Digi-Key"; VariantName = "[No Variations]"
Add component (AddParameter): Name = "Supplier Part Number 1"; Value = "1276-1119-1-ND"; VariantName = "[No Variations]"
Add component (AddParameter): Name = "Tolerance"; Value = "+/- 20%"; VariantName = "[No Variations]"
Add component (AddParameter): Name = "Value (uF)"; Value = "10 uF"; VariantName = "[No Variations]"
Add component (AddParameter): Name = "Verified By"; Value = ""; VariantName = "[No Variations]"
Add component (AddParameter): Name = "Voltage"; Value = "6.3V"; VariantName = "[No Variations]"
Added Component: Designator=C6(PCAP_8x5.4-ELECT_NCA)
Add component (AddParameter): Name = "Copyright"; Value = "Copyright (C) 2022 Ultra Librarian. All rights reserved."; VariantName = "[No Variations]"
Add component (AddParameter): Name = "Made by"; Value = "Tyson Nguyen"; VariantName = "[No Variations]"
Add component (AddParameter): Name = "Manufacturer_Part_Number"; Value = "UCB1V0R1MCL1GS"; VariantName = "[No Variations]"
Add component (AddParameter): Name = "Mfr_Name"; Value = "Nichicon"; VariantName = "[No Variations]"
Add component (AddParameter): Name = "RefDes"; Value = "RefDes"; VariantName = "[No Variations]"
Add component (AddParameter): Name = "Supplier 1"; Value = "Mouser"; VariantName = "[No Variations]"
Add component (AddParameter): Name = "Supplier Part Number 1"; Value = "667-EEE-1VA101XP"; VariantName = "[No Variations]"
Add component (AddParameter): Name = "Type"; Value = "DEV"; VariantName = "[No Variations]"
Add component (AddParameter): Name = "Value"; Value = "100uF"; VariantName = "[No Variations]"
Added Component: Designator=C7(PCAP_8x5.4-ELECT_NCA)
Add component (AddParameter): Name = "Made by"; Value = "Robert Pafford"; VariantName = "[No Variations]"
Add component (AddParameter): Name = "Supplier 1"; Value = "Digi-Key"; VariantName = "[No Variations]"
Add component (AddParameter): Name = "Supplier Part Number 1"; Value = "PCE3952DKR-ND"; VariantName = "[No Variations]"
Add component (AddParameter): Name = "Value"; Value = "22uF"; VariantName = "[No Variations]"
Add component (AddParameter): Name = "Voltage"; Value = "35V"; VariantName = "[No Variations]"
Added Component: Designator=C8(CAPACITOR_0402)
Add component (AddParameter): Name = "Capacitance"; Value = "0.1uF"; VariantName = "[No Variations]"
Add component (AddParameter): Name = "ComponentLink1Description"; Value = "Data Sheet"; VariantName = "[No Variations]"
Add component (AddParameter): Name = "ComponentLink1URL"; Value = "https://mm.digikey.com/Volume0/opasdata/d220001/medias/docus/503/CL05A104KA5NNNC.pdf"; VariantName = "[No Variations]"
Add component (AddParameter): Name = "Name"; Value = "Zach Ramsey"; VariantName = "[No Variations]"
Add component (AddParameter): Name = "Rated Voltage"; Value = "25V"; VariantName = "[No Variations]"
Add component (AddParameter): Name = "Supplier 1"; Value = "Digikey"; VariantName = "[No Variations]"
Add component (AddParameter): Name = "Supplier Part Number 1"; Value = "1276-1043-1-ND"; VariantName = "[No Variations]"
Add component (AddParameter): Name = "Tolerance"; Value = "+/- 10%"; VariantName = "[No Variations]"
Added Component: Designator=C9(PCAP_8x5.4-ELECT_NCA)
Add component (AddParameter): Name = "Copyright"; Value = "Copyright (C) 2022 Ultra Librarian. All rights reserved."; VariantName = "[No Variations]"
Add component (AddParameter): Name = "Made by"; Value = "Tyson Nguyen"; VariantName = "[No Variations]"
Add component (AddParameter): Name = "Manufacturer_Part_Number"; Value = "UCB1V0R1MCL1GS"; VariantName = "[No Variations]"
Add component (AddParameter): Name = "Mfr_Name"; Value = "Nichicon"; VariantName = "[No Variations]"
Add component (AddParameter): Name = "RefDes"; Value = "RefDes"; VariantName = "[No Variations]"
Add component (AddParameter): Name = "Supplier 1"; Value = "Mouser"; VariantName = "[No Variations]"
Add component (AddParameter): Name = "Supplier Part Number 1"; Value = "667-EEE-1VA101XP"; VariantName = "[No Variations]"
Add component (AddParameter): Name = "Type"; Value = "DEV"; VariantName = "[No Variations]"
Add component (AddParameter): Name = "Value"; Value = "100uF"; VariantName = "[No Variations]"
Added Component: Designator=C10(PCAP_8x5.4-ELECT_NCA)
Add component (AddParameter): Name = "Made by"; Value = "Robert Pafford"; VariantName = "[No Variations]"
Add component (AddParameter): Name = "Supplier 1"; Value = "Digi-Key"; VariantName = "[No Variations]"
Add component (AddParameter): Name = "Supplier Part Number 1"; Value = "PCE3952DKR-ND"; VariantName = "[No Variations]"
Add component (AddParameter): Name = "Value"; Value = "22uF"; VariantName = "[No Variations]"
Add component (AddParameter): Name = "Voltage"; Value = "35V"; VariantName = "[No Variations]"
Added Component: Designator=C11(CAPACITOR_0402)
Add component (AddParameter): Name = "Capacitance"; Value = "0.1uF"; VariantName = "[No Variations]"
Add component (AddParameter): Name = "ComponentLink1Description"; Value = "Data Sheet"; VariantName = "[No Variations]"
Add component (AddParameter): Name = "ComponentLink1URL"; Value = "https://mm.digikey.com/Volume0/opasdata/d220001/medias/docus/503/CL05A104KA5NNNC.pdf"; VariantName = "[No Variations]"
Add component (AddParameter): Name = "Name"; Value = "Zach Ramsey"; VariantName = "[No Variations]"
Add component (AddParameter): Name = "Rated Voltage"; Value = "25V"; VariantName = "[No Variations]"
Add component (AddParameter): Name = "Supplier 1"; Value = "Avnet"; VariantName = "[No Variations]"
Add component (AddParameter): Name = "Supplier Part Number 1"; Value = "CL05A104KA5NNNC"; VariantName = "[No Variations]"
Add component (AddParameter): Name = "Tolerance"; Value = "+/- 10%"; VariantName = "[No Variations]"
Added Component: Designator=D4(LED_0603)
Add component (AddParameter): Name = "Color"; Value = "Green"; VariantName = "[No Variations]"
Add component (AddParameter): Name = "ComponentLink1Description"; Value = "Datasheet"; VariantName = "[No Variations]"
Add component (AddParameter): Name = "ComponentLink1URL"; Value = "https://www.we-online.de/katalog/datasheet/150060GS75000.pdf"; VariantName = "[No Variations]"
Add component (AddParameter): Name = "Forward Current"; Value = "5mA"; VariantName = "[No Variations]"
Add component (AddParameter): Name = "Forward Voltage"; Value = "3V"; VariantName = "[No Variations]"
Add component (AddParameter): Name = "Made By"; Value = "Robert Pafford"; VariantName = "[No Variations]"
Add component (AddParameter): Name = "Package"; Value = "0603"; VariantName = "[No Variations]"
Add component (AddParameter): Name = "Supplier 1"; Value = "Digi-Key"; VariantName = "[No Variations]"
Add component (AddParameter): Name = "Supplier Part Number 1"; Value = "1830-1062-1-ND"; VariantName = "[No Variations]"
Add component (AddParameter): Name = "Verified By"; Value = ""; VariantName = "[No Variations]"
Added Component: Designator=D5(LED_0603)
Add component (AddParameter): Name = "Color"; Value = "Green"; VariantName = "[No Variations]"
Add component (AddParameter): Name = "ComponentLink1Description"; Value = "Datasheet"; VariantName = "[No Variations]"
Add component (AddParameter): Name = "ComponentLink1URL"; Value = "https://www.we-online.de/katalog/datasheet/150060GS75000.pdf"; VariantName = "[No Variations]"
Add component (AddParameter): Name = "Forward Current"; Value = "5mA"; VariantName = "[No Variations]"
Add component (AddParameter): Name = "Forward Voltage"; Value = "3V"; VariantName = "[No Variations]"
Add component (AddParameter): Name = "Made By"; Value = "Robert Pafford"; VariantName = "[No Variations]"
Add component (AddParameter): Name = "Package"; Value = "0603"; VariantName = "[No Variations]"
Add component (AddParameter): Name = "Supplier 1"; Value = "Digi-Key"; VariantName = "[No Variations]"
Add component (AddParameter): Name = "Supplier Part Number 1"; Value = "1830-1062-1-ND"; VariantName = "[No Variations]"
Add component (AddParameter): Name = "Verified By"; Value = ""; VariantName = "[No Variations]"
Added Component: Designator=D6(LED_0603)
Add component (AddParameter): Name = "Color"; Value = "Blue"; VariantName = "[No Variations]"
Add component (AddParameter): Name = "Forward Current"; Value = "20mA"; VariantName = "[No Variations]"
Add component (AddParameter): Name = "Forward Voltage"; Value = "3.2V"; VariantName = "[No Variations]"
Add component (AddParameter): Name = "Made By"; Value = "Robert Pafford"; VariantName = "[No Variations]"
Add component (AddParameter): Name = "Package"; Value = "0603"; VariantName = "[No Variations]"
Add component (AddParameter): Name = "Supplier 1"; Value = "Digi-Key"; VariantName = "[No Variations]"
Add component (AddParameter): Name = "Supplier Part Number 1"; Value = "732-4966-1-ND"; VariantName = "[No Variations]"
Add component (AddParameter): Name = "Verified By"; Value = ""; VariantName = "[No Variations]"
Added Component: Designator=D7(LED_0603)
Add component (AddParameter): Name = "Color"; Value = "Green"; VariantName = "[No Variations]"
Add component (AddParameter): Name = "ComponentLink1Description"; Value = "Datasheet"; VariantName = "[No Variations]"
Add component (AddParameter): Name = "ComponentLink1URL"; Value = "https://www.we-online.de/katalog/datasheet/150060GS75000.pdf"; VariantName = "[No Variations]"
Add component (AddParameter): Name = "Forward Current"; Value = "5mA"; VariantName = "[No Variations]"
Add component (AddParameter): Name = "Forward Voltage"; Value = "3V"; VariantName = "[No Variations]"
Add component (AddParameter): Name = "Made By"; Value = "Robert Pafford"; VariantName = "[No Variations]"
Add component (AddParameter): Name = "Package"; Value = "0603"; VariantName = "[No Variations]"
Add component (AddParameter): Name = "Supplier 1"; Value = "Digi-Key"; VariantName = "[No Variations]"
Add component (AddParameter): Name = "Supplier Part Number 1"; Value = "1830-1062-1-ND"; VariantName = "[No Variations]"
Add component (AddParameter): Name = "Verified By"; Value = ""; VariantName = "[No Variations]"
Added Component: Designator=D11(LED_0603)
Add component (AddParameter): Name = "Color"; Value = "Green"; VariantName = "[No Variations]"
Add component (AddParameter): Name = "ComponentLink1Description"; Value = "Datasheet"; VariantName = "[No Variations]"
Add component (AddParameter): Name = "ComponentLink1URL"; Value = "https://www.we-online.de/katalog/datasheet/150060GS75000.pdf"; VariantName = "[No Variations]"
Add component (AddParameter): Name = "Forward Current"; Value = "5mA"; VariantName = "[No Variations]"
Add component (AddParameter): Name = "Forward Voltage"; Value = "3V"; VariantName = "[No Variations]"
Add component (AddParameter): Name = "Made By"; Value = "Robert Pafford"; VariantName = "[No Variations]"
Add component (AddParameter): Name = "Package"; Value = "0603"; VariantName = "[No Variations]"
Add component (AddParameter): Name = "Supplier 1"; Value = "Digi-Key"; VariantName = "[No Variations]"
Add component (AddParameter): Name = "Supplier Part Number 1"; Value = "1830-1062-1-ND"; VariantName = "[No Variations]"
Add component (AddParameter): Name = "Verified By"; Value = ""; VariantName = "[No Variations]"
Added Component: Designator=J7(CONN_MOLEX_MICROFIT+_8POS_R/A)
Add component (AddParameter): Name = "Color"; Value = "Black"; VariantName = "[No Variations]"
Add component (AddParameter): Name = "Configuration"; Value = "R/A"; VariantName = "[No Variations]"
Add component (AddParameter): Name = "Current Rating"; Value = "12.5A"; VariantName = "[No Variations]"
Add component (AddParameter): Name = "Manufacturer"; Value = "Molex"; VariantName = "[No Variations]"
Add component (AddParameter): Name = "Pitch"; Value = "3.0mm"; VariantName = "[No Variations]"
Add component (AddParameter): Name = "Supplier 1"; Value = "Digikey"; VariantName = "[No Variations]"
Add component (AddParameter): Name = "Supplier Part Number 1"; Value = "900-2125280800-ND"; VariantName = "[No Variations]"
Added Component: Designator=J8(CONN_MOLEX_MICROFIT_6_POS_R/A)
Add component (AddParameter): Name = "Color"; Value = "Black"; VariantName = "[No Variations]"
Add component (AddParameter): Name = "Configuration"; Value = "R/A"; VariantName = "[No Variations]"
Add component (AddParameter): Name = "Current Per Pin"; Value = "12.5"; VariantName = "[No Variations]"
Add component (AddParameter): Name = "Manufacturer"; Value = "Molex"; VariantName = "[No Variations]"
Add component (AddParameter): Name = "Pitch"; Value = "3.0mm"; VariantName = "[No Variations]"
Add component (AddParameter): Name = "Supplier 1"; Value = "Digikey"; VariantName = "[No Variations]"
Add component (AddParameter): Name = "Supplier Part Number 1"; Value = "900-2125280600-ND"; VariantName = "[No Variations]"
Added Component: Designator=J9(CONN_MINIUSB)
Add component (AddParameter): Name = "Color"; Value = "Silver"; VariantName = "[No Variations]"
Add component (AddParameter): Name = "ComponentLink1Description"; Value = "Datasheet"; VariantName = "[No Variations]"
Add component (AddParameter): Name = "ComponentLink1URL"; Value = "https://cdn.amphenol-icc.com/media/wysiwyg/files/documentation/datasheet/inputoutput/io_usb_micro.pdf?__cf_chl_jschl_tk__=05693735e19256298f6ef6ca2bb2e65c376a4f56-1625503833-0-Abitsb0-ufjOXJYs_S3J3r2iTn-nObalbmXUksF1VvO_h_WEmRdMlUD1I8-hmWSEVWzY1pirKnrPZWfgY3851qyBZe5ZvnNQePLGIzUgdEIQBVUyW36RsbYpDLEWxJ4horD-5gChFgobLYqwmG5aHl0E8lIn_twwPPrOxilK2gP0q9t_CNOs_u5fMqXvXUrlsOv8tIE2NRlu6NVP8qtkL2GjhlkeTUbDMF8WvvpPDTFOgvZ4Y16Ej8F8AhWos88mo5B1HssXozw0XrkJQIqERITUu6rqloz9kf4ZzhBHtDAt-IkiAFY_Ds9SW8FYKKTtINJVpHZQ6Gyu1FFM4Dc9MO0maE8_mmNcwlxqyRoRk_MPWW8VyByXWM5RSp52jteRKw7FeI9WIYvCbPAOy0Eyib-aseIQsnGbglBcUY6_2xp8GYaJM38H3dNvBPsSOfJBPndKedwKHllxjkucXn6xsN0sDXkpGN-cu8_2bDTJ0g-uUucKSCooYX-ApSDNGpkA_p9zv1SOAD8c0zaZVmtiBsN75QpVz2rzq9_BFxOywPvR"; VariantName = "[No Variations]"
Add component (AddParameter): Name = "Configuration"; Value = "Right Angle"; VariantName = "[No Variations]"
Add component (AddParameter): Name = "Created By"; Value = "Flip B"; VariantName = "[No Variations]"
Add component (AddParameter): Name = "Current Per Pin"; Value = "1.8A"; VariantName = "[No Variations]"
Add component (AddParameter): Name = "Manufacturer"; Value = "Amphenol"; VariantName = "[No Variations]"
Add component (AddParameter): Name = "Number of Positions"; Value = "5"; VariantName = "[No Variations]"
Add component (AddParameter): Name = "Pitch"; Value = "0.65mm"; VariantName = "[No Variations]"
Add component (AddParameter): Name = "Series"; Value = "10118192"; VariantName = "[No Variations]"
Add component (AddParameter): Name = "Supplier 1"; Value = "Digi-Key"; VariantName = "[No Variations]"
Add component (AddParameter): Name = "Supplier Part Number 1"; Value = "609-4613-1-ND"; VariantName = "[No Variations]"
Add component (AddParameter): Name = "Verified By"; Value = ""; VariantName = "[No Variations]"
Added Component: Designator=J10(CONN_JST_XH254_2POS_VERT)
Add component (AddParameter): Name = "Color"; Value = "White"; VariantName = "[No Variations]"
Add component (AddParameter): Name = "ComponentLink1Description"; Value = "Purchase Link"; VariantName = "[No Variations]"
Add component (AddParameter): Name = "ComponentLink1URL"; Value = "https://www.amazon.com/460PCS-XH2-54-Connector-Terminal-Connectors/dp/B09DBGVX5C"; VariantName = "[No Variations]"
Add component (AddParameter): Name = "Configuration"; Value = "Vertical"; VariantName = "[No Variations]"
Add component (AddParameter): Name = "Created By"; Value = "Robert P"; VariantName = "[No Variations]"
Add component (AddParameter): Name = "Current Per Pin"; Value = "4A"; VariantName = "[No Variations]"
Add component (AddParameter): Name = "Manufacturer"; Value = "JST"; VariantName = "[No Variations]"
Add component (AddParameter): Name = "NOTE"; Value = "Do not use JST 2.5mm parts with this footprint. JST does not make 2.54mm pitch pins, rather only clones make this connector!"; VariantName = "[No Variations]"
Add component (AddParameter): Name = "Number of Positions"; Value = "2"; VariantName = "[No Variations]"
Add component (AddParameter): Name = "Pitch"; Value = "2.54mm"; VariantName = "[No Variations]"
Add component (AddParameter): Name = "Series"; Value = "XH 2.54"; VariantName = "[No Variations]"
Add component (AddParameter): Name = "Verified By"; Value = ""; VariantName = "[No Variations]"
Added Component: Designator=J?(CONN_ANDERSON_PP45_4 POS_R/A)
Add component (AddParameter): Name = "Color"; Value = "Red/Black"; VariantName = "[No Variations]"
Add component (AddParameter): Name = "ComponentLink1Description"; Value = "Datasheet"; VariantName = "[No Variations]"
Add component (AddParameter): Name = "ComponentLink1URL"; Value = "https://www.andersonpower.com/content/dam/app/ecommerce/product-pdfs/DS-PP1545.pdf"; VariantName = "[No Variations]"
Add component (AddParameter): Name = "Configuration"; Value = "Right Angle"; VariantName = "[No Variations]"
Add component (AddParameter): Name = "Created By"; Value = "Flip B"; VariantName = "[No Variations]"
Add component (AddParameter): Name = "Current Per Pin"; Value = "45A"; VariantName = "[No Variations]"
Add component (AddParameter): Name = "Manufacturer"; Value = "Anderson"; VariantName = "[No Variations]"
Add component (AddParameter): Name = "Number of Positions"; Value = "4"; VariantName = "[No Variations]"
Add component (AddParameter): Name = "Pitch"; Value = "7.9mm"; VariantName = "[No Variations]"
Add component (AddParameter): Name = "Series"; Value = "PowerPole 45"; VariantName = "[No Variations]"
Add component (AddParameter): Name = "Supplier 1"; Value = "Digi-Key"; VariantName = "[No Variations]"
Add component (AddParameter): Name = "Supplier 2"; Value = "Digi-Key"; VariantName = "[No Variations]"
Add component (AddParameter): Name = "Supplier 3"; Value = "Digi-Key"; VariantName = "[No Variations]"
Add component (AddParameter): Name = "Supplier 4"; Value = "Digi-Key"; VariantName = "[No Variations]"
Add component (AddParameter): Name = "Supplier Part Number 1"; Value = "2243-1337G1-ND"; VariantName = "[No Variations]"
Add component (AddParameter): Name = "Supplier Part Number 2"; Value = "2243-1336G1-ND"; VariantName = "[No Variations]"
Add component (AddParameter): Name = "Supplier Part Number 3"; Value = "2243-1327-BK-ND"; VariantName = "[No Variations]"
Add component (AddParameter): Name = "Supplier Part Number 4"; Value = "A102007-ND"; VariantName = "[No Variations]"
Add component (AddParameter): Name = "Verified By"; Value = ""; VariantName = "[No Variations]"
Added Component: Designator=PS1(CONV_I6A4W020A033V-001-R)
Add component (AddParameter): Name = "Availability"; Value = "In Stock"; VariantName = "[No Variations]"
Add component (AddParameter): Name = "Check_prices"; Value = "https://www.snapeda.com/parts/I6A4W020A033V-001-R/TDK-Lambda%20Americas%20Inc./view-part/1737324/?ref=eda"; VariantName = "[No Variations]"
Add component (AddParameter): Name = "MF"; Value = "TDK-Lambda Americas"; VariantName = "[No Variations]"
Add component (AddParameter): Name = "MP"; Value = "I6A4W020A033V-001-R"; VariantName = "[No Variations]"
Add component (AddParameter): Name = "Package"; Value = "DIP-8 TDK-Lambda"; VariantName = "[No Variations]"
Add component (AddParameter): Name = "Price"; Value = "None"; VariantName = "[No Variations]"
Add component (AddParameter): Name = "Purchase-URL"; Value = "https://pricing.snapeda.com/search/part/I6A4W020A033V-001-R/?ref=eda"; VariantName = "[No Variations]"
Add component (AddParameter): Name = "SnapEDA_Link"; Value = "https://www.snapeda.com/parts/I6A4W020A033V-001-R/TDK-Lambda%20Americas%20Inc./view-part/1737324/?ref=snap"; VariantName = "[No Variations]"
Add component (AddParameter): Name = "Value"; Value = ""; VariantName = "[No Variations]"
Added Component: Designator=PS2(CONV_I6A4W020A033V-001-R)
Add component (AddParameter): Name = "Availability"; Value = "In Stock"; VariantName = "[No Variations]"
Add component (AddParameter): Name = "Check_prices"; Value = "https://www.snapeda.com/parts/I6A4W020A033V-001-R/TDK-Lambda%20Americas%20Inc./view-part/1737324/?ref=eda"; VariantName = "[No Variations]"
Add component (AddParameter): Name = "MF"; Value = "TDK-Lambda Americas"; VariantName = "[No Variations]"
Add component (AddParameter): Name = "MP"; Value = "I6A4W020A033V-001-R"; VariantName = "[No Variations]"
Add component (AddParameter): Name = "Package"; Value = "DIP-8 TDK-Lambda"; VariantName = "[No Variations]"
Add component (AddParameter): Name = "Price"; Value = "None"; VariantName = "[No Variations]"
Add component (AddParameter): Name = "Purchase-URL"; Value = "https://pricing.snapeda.com/search/part/I6A4W020A033V-001-R/?ref=eda"; VariantName = "[No Variations]"
Add component (AddParameter): Name = "SnapEDA_Link"; Value = "https://www.snapeda.com/parts/I6A4W020A033V-001-R/TDK-Lambda%20Americas%20Inc./view-part/1737324/?ref=snap"; VariantName = "[No Variations]"
Add component (AddParameter): Name = "Value"; Value = ""; VariantName = "[No Variations]"
Added Component: Designator=Q3(MOSFET_7DP-T1-GE3_VIS)
Add component (AddParameter): Name = "Copyright"; Value = "Copyright (C) 2022 Ultra Librarian. All rights reserved."; VariantName = "[No Variations]"
Add component (AddParameter): Name = "Manufacturer_Part_Number"; Value = "SIR167DP-T1-GE3"; VariantName = "[No Variations]"
Add component (AddParameter): Name = "Mfr_Name"; Value = "Vishay"; VariantName = "[No Variations]"
Add component (AddParameter): Name = "RefDes"; Value = "RefDes"; VariantName = "[No Variations]"
Add component (AddParameter): Name = "Supplier 1"; Value = "Mouser"; VariantName = "[No Variations]"
Add component (AddParameter): Name = "Supplier Part Number 1"; Value = "78-SIR167DP-T1-GE3"; VariantName = "[No Variations]"
Add component (AddParameter): Name = "Type"; Value = "DEV"; VariantName = "[No Variations]"
Added Component: Designator=Q6(SOT-23-3)
Add component (AddParameter): Name = "Amp Rating"; Value = "5.8 A"; VariantName = "[No Variations]"
Add component (AddParameter): Name = "Created By"; Value = "Dylan T"; VariantName = "[No Variations]"
Add component (AddParameter): Name = "FET Type"; Value = "N-Channel"; VariantName = "[No Variations]"
Add component (AddParameter): Name = "Manufacturer _Part_Number"; Value = "AO3404A"; VariantName = "[No Variations]"
Add component (AddParameter): Name = "Package"; Value = "SOT23-3L"; VariantName = "[No Variations]"
Add component (AddParameter): Name = "Power Dissipation"; Value = "1.4W (Ta)"; VariantName = "[No Variations]"
Add component (AddParameter): Name = "Rds (on)"; Value = "28mOhm @ 5.8A, 10V"; VariantName = "[No Variations]"
Add component (AddParameter): Name = "SourceLibrary"; Value = "ON_Semiconductor_2020-01-13"; VariantName = "[No Variations]"
Add component (AddParameter): Name = "Supplier 1"; Value = "Digi-Key"; VariantName = "[No Variations]"
Add component (AddParameter): Name = "Supplier Part Number 1"; Value = "785-1004-1-ND"; VariantName = "[No Variations]"
Add component (AddParameter): Name = "Vdss"; Value = "30V"; VariantName = "[No Variations]"
Add component (AddParameter): Name = "Vendor"; Value = "Alpha & Omega Semiconductor Inc."; VariantName = "[No Variations]"
Add component (AddParameter): Name = "Verified By"; Value = ""; VariantName = "[No Variations]"
Add component (AddParameter): Name = "Vgs (Max)"; Value = "3V @ 5.8A, 10V"; VariantName = "[No Variations]"
Add component (AddParameter): Name = "Vgs (th)"; Value = "3V @ 250µA"; VariantName = "[No Variations]"
Added Component: Designator=Q9(SOT-23-3)
Add component (AddParameter): Name = "Amp Rating"; Value = "5.8 A"; VariantName = "[No Variations]"
Add component (AddParameter): Name = "Created By"; Value = "Dylan T"; VariantName = "[No Variations]"
Add component (AddParameter): Name = "FET Type"; Value = "N-Channel"; VariantName = "[No Variations]"
Add component (AddParameter): Name = "Manufacturer _Part_Number"; Value = "AO3404A"; VariantName = "[No Variations]"
Add component (AddParameter): Name = "Package"; Value = "SOT23-3L"; VariantName = "[No Variations]"
Add component (AddParameter): Name = "Power Dissipation"; Value = "1.4W (Ta)"; VariantName = "[No Variations]"
Add component (AddParameter): Name = "Rds (on)"; Value = "28mOhm @ 5.8A, 10V"; VariantName = "[No Variations]"
Add component (AddParameter): Name = "SourceLibrary"; Value = "ON_Semiconductor_2020-01-13"; VariantName = "[No Variations]"
Add component (AddParameter): Name = "Supplier 1"; Value = "Digi-Key"; VariantName = "[No Variations]"
Add component (AddParameter): Name = "Supplier Part Number 1"; Value = "785-1004-1-ND"; VariantName = "[No Variations]"
Add component (AddParameter): Name = "Vdss"; Value = "30V"; VariantName = "[No Variations]"
Add component (AddParameter): Name = "Vendor"; Value = "Alpha & Omega Semiconductor Inc."; VariantName = "[No Variations]"
Add component (AddParameter): Name = "Verified By"; Value = ""; VariantName = "[No Variations]"
Add component (AddParameter): Name = "Vgs (Max)"; Value = "3V @ 5.8A, 10V"; VariantName = "[No Variations]"
Add component (AddParameter): Name = "Vgs (th)"; Value = "3V @ 250µA"; VariantName = "[No Variations]"
Added Component: Designator=Q10(MOSFET_7DP-T1-GE3_VIS)
Add component (AddParameter): Name = "Copyright"; Value = "Copyright (C) 2022 Ultra Librarian. All rights reserved."; VariantName = "[No Variations]"
Add component (AddParameter): Name = "Manufacturer_Part_Number"; Value = "SIR167DP-T1-GE3"; VariantName = "[No Variations]"
Add component (AddParameter): Name = "Mfr_Name"; Value = "Vishay"; VariantName = "[No Variations]"
Add component (AddParameter): Name = "RefDes"; Value = "RefDes"; VariantName = "[No Variations]"
Add component (AddParameter): Name = "Supplier 1"; Value = "Mouser"; VariantName = "[No Variations]"
Add component (AddParameter): Name = "Supplier Part Number 1"; Value = "78-SIR167DP-T1-GE3"; VariantName = "[No Variations]"
Add component (AddParameter): Name = "Type"; Value = "DEV"; VariantName = "[No Variations]"
Added Component: Designator=Q11(MOSFET_7DP-T1-GE3_VIS)
Add component (AddParameter): Name = "Copyright"; Value = "Copyright (C) 2022 Ultra Librarian. All rights reserved."; VariantName = "[No Variations]"
Add component (AddParameter): Name = "Manufacturer_Part_Number"; Value = "SIR167DP-T1-GE3"; VariantName = "[No Variations]"
Add component (AddParameter): Name = "Mfr_Name"; Value = "Vishay"; VariantName = "[No Variations]"
Add component (AddParameter): Name = "RefDes"; Value = "RefDes"; VariantName = "[No Variations]"
Add component (AddParameter): Name = "Supplier 1"; Value = "Mouser"; VariantName = "[No Variations]"
Add component (AddParameter): Name = "Supplier Part Number 1"; Value = "78-SIR167DP-T1-GE3"; VariantName = "[No Variations]"
Add component (AddParameter): Name = "Type"; Value = "DEV"; VariantName = "[No Variations]"
Added Component: Designator=R8(RESISTOR_0603)
Add component (AddParameter): Name = "Made By"; Value = "Robert Pafford"; VariantName = "[No Variations]"
Add component (AddParameter): Name = "Supplier 1"; Value = "Digi-Key"; VariantName = "[No Variations]"
Add component (AddParameter): Name = "Supplier Part Number 1"; Value = "P3.90KHCT-ND"; VariantName = "[No Variations]"
Add component (AddParameter): Name = "Tolerance"; Value = "+/- 1%"; VariantName = "[No Variations]"
Add component (AddParameter): Name = "Value  (Ohms)"; Value = "3.9K"; VariantName = "[No Variations]"
Add component (AddParameter): Name = "Verified By"; Value = ""; VariantName = "[No Variations]"
Add component (AddParameter): Name = "Wattage"; Value = "1/10W"; VariantName = "[No Variations]"
Added Component: Designator=R9(RESISTOR_0603)
Add component (AddParameter): Name = "Digikey Part Numer"; Value = "CR0603-JW-104ELFTR-ND"; VariantName = "[No Variations]"
Add component (AddParameter): Name = "Made By"; Value = "Robert Pafford"; VariantName = "[No Variations]"
Add component (AddParameter): Name = "Supplier"; Value = "Digikey"; VariantName = "[No Variations]"
Add component (AddParameter): Name = "Supplier 1"; Value = "Digi-Key"; VariantName = "[No Variations]"
Add component (AddParameter): Name = "Supplier Part Number 1"; Value = "RMCF0603JT4K70CT-ND"; VariantName = "[No Variations]"
Add component (AddParameter): Name = "Tolerance"; Value = "+/- 5%"; VariantName = "[No Variations]"
Add component (AddParameter): Name = "Value  (Ohms)"; Value = "4.7K"; VariantName = "[No Variations]"
Add component (AddParameter): Name = "Verified By"; Value = ""; VariantName = "[No Variations]"
Add component (AddParameter): Name = "Wattage"; Value = "1/10W"; VariantName = "[No Variations]"
Added Component: Designator=R12(RESISTOR_0603)
Add component (AddParameter): Name = "ComponentLink1Description"; Value = "Datasheet"; VariantName = "[No Variations]"
Add component (AddParameter): Name = "ComponentLink1URL"; Value = "https://www.bourns.com/docs/product-datasheets/CRxxxxx.pdf"; VariantName = "[No Variations]"
Add component (AddParameter): Name = "Digikey Part Numer"; Value = "CR0603-JW-104ELFTR-ND"; VariantName = "[No Variations]"
Add component (AddParameter): Name = "Made By"; Value = "Robert Pafford"; VariantName = "[No Variations]"
Add component (AddParameter): Name = "Supplier"; Value = "Digikey"; VariantName = "[No Variations]"
Add component (AddParameter): Name = "Supplier 1"; Value = "Digi-Key"; VariantName = "[No Variations]"
Add component (AddParameter): Name = "Supplier Part Number 1"; Value = "2019-RK73B1JTTD103JCT-ND"; VariantName = "[No Variations]"
Add component (AddParameter): Name = "Tolerance"; Value = "+/- 5%"; VariantName = "[No Variations]"
Add component (AddParameter): Name = "Value  (Ohms)"; Value = "10K"; VariantName = "[No Variations]"
Add component (AddParameter): Name = "Verified By"; Value = ""; VariantName = "[No Variations]"
Add component (AddParameter): Name = "Wattage"; Value = "1/8W"; VariantName = "[No Variations]"
Added Component: Designator=R15(RESISTOR_0603)
Add component (AddParameter): Name = "ComponentLink1Description"; Value = "Datasheet"; VariantName = "[No Variations]"
Add component (AddParameter): Name = "ComponentLink1URL"; Value = "https://www.bourns.com/docs/product-datasheets/CRxxxxx.pdf"; VariantName = "[No Variations]"
Add component (AddParameter): Name = "Digikey Part Numer"; Value = "CR0603-JW-104ELFTR-ND"; VariantName = "[No Variations]"
Add component (AddParameter): Name = "Made By"; Value = "Robert Pafford"; VariantName = "[No Variations]"
Add component (AddParameter): Name = "Supplier"; Value = "Digikey"; VariantName = "[No Variations]"
Add component (AddParameter): Name = "Supplier 1"; Value = "Digi-Key"; VariantName = "[No Variations]"
Add component (AddParameter): Name = "Supplier Part Number 1"; Value = "2019-RK73B1JTTD103JCT-ND"; VariantName = "[No Variations]"
Add component (AddParameter): Name = "Tolerance"; Value = "+/- 5%"; VariantName = "[No Variations]"
Add component (AddParameter): Name = "Value  (Ohms)"; Value = "10K"; VariantName = "[No Variations]"
Add component (AddParameter): Name = "Verified By"; Value = ""; VariantName = "[No Variations]"
Add component (AddParameter): Name = "Wattage"; Value = "1/8W"; VariantName = "[No Variations]"
Added Component: Designator=R18(RESISTOR_0603)
Add component (AddParameter): Name = "ComponentLink1Description"; Value = "Datasheet"; VariantName = "[No Variations]"
Add component (AddParameter): Name = "ComponentLink1URL"; Value = "https://www.bourns.com/docs/product-datasheets/CRxxxxx.pdf"; VariantName = "[No Variations]"
Add component (AddParameter): Name = "Digikey Part Numer"; Value = "CR0603-JW-104ELFTR-ND"; VariantName = "[No Variations]"
Add component (AddParameter): Name = "Made By"; Value = "John Ulm"; VariantName = "[No Variations]"
Add component (AddParameter): Name = "Supplier"; Value = "Digikey"; VariantName = "[No Variations]"
Add component (AddParameter): Name = "Supplier 1"; Value = "Digi-Key"; VariantName = "[No Variations]"
Add component (AddParameter): Name = "Supplier Part Number 1"; Value = "311-2395-1-ND"; VariantName = "[No Variations]"
Add component (AddParameter): Name = "Tolerance"; Value = "+/- 0.5%"; VariantName = "[No Variations]"
Add component (AddParameter): Name = "Value  (Ohms)"; Value = "100K"; VariantName = "[No Variations]"
Add component (AddParameter): Name = "Verified By"; Value = ""; VariantName = "[No Variations]"
Add component (AddParameter): Name = "Wattage"; Value = "1/10W"; VariantName = "[No Variations]"
Added Component: Designator=R19(RESISTOR_0603)
Add component (AddParameter): Name = "ComponentLink1Description"; Value = "Datasheet"; VariantName = "[No Variations]"
Add component (AddParameter): Name = "ComponentLink1URL"; Value = "https://www.bourns.com/docs/product-datasheets/CRxxxxx.pdf"; VariantName = "[No Variations]"
Add component (AddParameter): Name = "Digikey Part Numer"; Value = "CR0603-JW-104ELFTR-ND"; VariantName = "[No Variations]"
Add component (AddParameter): Name = "Made By"; Value = "Robert Pafford"; VariantName = "[No Variations]"
Add component (AddParameter): Name = "Supplier"; Value = "Digikey"; VariantName = "[No Variations]"
Add component (AddParameter): Name = "Supplier 1"; Value = "Digi-Key"; VariantName = "[No Variations]"
Add component (AddParameter): Name = "Supplier Part Number 1"; Value = "2019-RK73B1JTTD103JCT-ND"; VariantName = "[No Variations]"
Add component (AddParameter): Name = "Tolerance"; Value = "+/- 5%"; VariantName = "[No Variations]"
Add component (AddParameter): Name = "Value  (Ohms)"; Value = "10K"; VariantName = "[No Variations]"
Add component (AddParameter): Name = "Verified By"; Value = ""; VariantName = "[No Variations]"
Add component (AddParameter): Name = "Wattage"; Value = "1/8W"; VariantName = "[No Variations]"
Added Component: Designator=R20(CAPACITOR_0603)
Add component (AddParameter): Name = "Copyright"; Value = "Copyright (C) 2024 Ultra Librarian. All rights reserved."; VariantName = "[No Variations]"
Add component (AddParameter): Name = "Manufacturer_Part_Number"; Value = "RC0603JR-1347KL"; VariantName = "[No Variations]"
Add component (AddParameter): Name = "Mfr_Name"; Value = "Yageo"; VariantName = "[No Variations]"
Add component (AddParameter): Name = "RefDes"; Value = "RefDes"; VariantName = "[No Variations]"
Add component (AddParameter): Name = "Supplier 1"; Value = "Mouser"; VariantName = "[No Variations]"
Add component (AddParameter): Name = "Supplier Part Number 1"; Value = "667-ERJ-3GEYJ473V"; VariantName = "[No Variations]"
Add component (AddParameter): Name = "Type"; Value = "DEV"; VariantName = "[No Variations]"
Added Component: Designator=R21(RESISTOR_0402)
Add component (AddParameter): Name = "Digikey Part Numer"; Value = "CR0603-JW-104ELFTR-ND"; VariantName = "[No Variations]"
Add component (AddParameter): Name = "Made By"; Value = "Robert Pafford"; VariantName = "[No Variations]"
Add component (AddParameter): Name = "Supplier"; Value = "Digikey"; VariantName = "[No Variations]"
Add component (AddParameter): Name = "Supplier 1"; Value = "Digi-Key"; VariantName = "[No Variations]"
Add component (AddParameter): Name = "Supplier Part Number 1"; Value = "13-AC0402FR-131KLCT-ND"; VariantName = "[No Variations]"
Add component (AddParameter): Name = "Tolerance"; Value = "+/- 1%"; VariantName = "[No Variations]"
Add component (AddParameter): Name = "Value  (Ohms)"; Value = "1K"; VariantName = "[No Variations]"
Add component (AddParameter): Name = "Verified By"; Value = ""; VariantName = "[No Variations]"
Add component (AddParameter): Name = "Wattage"; Value = "1/16W"; VariantName = "[No Variations]"
Added Component: Designator=R22(RESISTOR_0603)
Add component (AddParameter): Name = "ComponentLink1Description"; Value = "Datasheet"; VariantName = "[No Variations]"
Add component (AddParameter): Name = "ComponentLink1URL"; Value = "https://www.bourns.com/docs/product-datasheets/CRxxxxx.pdf"; VariantName = "[No Variations]"
Add component (AddParameter): Name = "Digikey Part Numer"; Value = "CR0603-JW-104ELFTR-ND"; VariantName = "[No Variations]"
Add component (AddParameter): Name = "Made By"; Value = "John Ulm"; VariantName = "[No Variations]"
Add component (AddParameter): Name = "Supplier"; Value = "Digikey"; VariantName = "[No Variations]"
Add component (AddParameter): Name = "Supplier 1"; Value = "Digi-Key"; VariantName = "[No Variations]"
Add component (AddParameter): Name = "Supplier Part Number 1"; Value = "311-2395-1-ND"; VariantName = "[No Variations]"
Add component (AddParameter): Name = "Tolerance"; Value = "+/- 0.5%"; VariantName = "[No Variations]"
Add component (AddParameter): Name = "Value  (Ohms)"; Value = "100K"; VariantName = "[No Variations]"
Add component (AddParameter): Name = "Verified By"; Value = ""; VariantName = "[No Variations]"
Add component (AddParameter): Name = "Wattage"; Value = "1/10W"; VariantName = "[No Variations]"
Added Component: Designator=R23(RESISTOR_0603)
Add component (AddParameter): Name = "ComponentLink1Description"; Value = "Datasheet"; VariantName = "[No Variations]"
Add component (AddParameter): Name = "ComponentLink1URL"; Value = "https://www.bourns.com/docs/product-datasheets/CRxxxxx.pdf"; VariantName = "[No Variations]"
Add component (AddParameter): Name = "Digikey Part Numer"; Value = "CR0603-JW-104ELFTR-ND"; VariantName = "[No Variations]"
Add component (AddParameter): Name = "Made By"; Value = "Robert Pafford"; VariantName = "[No Variations]"
Add component (AddParameter): Name = "Supplier"; Value = "Digikey"; VariantName = "[No Variations]"
Add component (AddParameter): Name = "Supplier 1"; Value = "Digi-Key"; VariantName = "[No Variations]"
Add component (AddParameter): Name = "Supplier Part Number 1"; Value = "2019-RK73B1JTTD102JCT-ND"; VariantName = "[No Variations]"
Add component (AddParameter): Name = "Tolerance"; Value = "+/- 5%"; VariantName = "[No Variations]"
Add component (AddParameter): Name = "Value  (Ohms)"; Value = "1K"; VariantName = "[No Variations]"
Add component (AddParameter): Name = "Verified By"; Value = ""; VariantName = "[No Variations]"
Add component (AddParameter): Name = "Wattage"; Value = "1/8W"; VariantName = "[No Variations]"
Added Component: Designator=R24(RESISTOR_0603)
Add component (AddParameter): Name = "Digikey Part Numer"; Value = "CR0603-JW-104ELFTR-ND"; VariantName = "[No Variations]"
Add component (AddParameter): Name = "Made By"; Value = "Robert Pafford"; VariantName = "[No Variations]"
Add component (AddParameter): Name = "Supplier"; Value = "Digikey"; VariantName = "[No Variations]"
Add component (AddParameter): Name = "Supplier 1"; Value = "Digi-Key"; VariantName = "[No Variations]"
Add component (AddParameter): Name = "Supplier Part Number 1"; Value = "749-1695-1-ND"; VariantName = "[No Variations]"
Add component (AddParameter): Name = "Tolerance"; Value = "+/- 0.5%"; VariantName = "[No Variations]"
Add component (AddParameter): Name = "Value  (Ohms)"; Value = "10K"; VariantName = "[No Variations]"
Add component (AddParameter): Name = "Verified By"; Value = ""; VariantName = "[No Variations]"
Add component (AddParameter): Name = "Wattage"; Value = "1/10W"; VariantName = "[No Variations]"
Added Component: Designator=R25(RESISTOR_0603)
Add component (AddParameter): Name = "Digikey Part Numer"; Value = "CR0603-JW-104ELFTR-ND"; VariantName = "[No Variations]"
Add component (AddParameter): Name = "Made By"; Value = "Robert Pafford"; VariantName = "[No Variations]"
Add component (AddParameter): Name = "Supplier"; Value = "Digikey"; VariantName = "[No Variations]"
Add component (AddParameter): Name = "Supplier 1"; Value = "Digi-Key"; VariantName = "[No Variations]"
Add component (AddParameter): Name = "Supplier Part Number 1"; Value = "749-1695-1-ND"; VariantName = "[No Variations]"
Add component (AddParameter): Name = "Tolerance"; Value = "+/- 0.5%"; VariantName = "[No Variations]"
Add component (AddParameter): Name = "Value  (Ohms)"; Value = "10K"; VariantName = "[No Variations]"
Add component (AddParameter): Name = "Verified By"; Value = ""; VariantName = "[No Variations]"
Add component (AddParameter): Name = "Wattage"; Value = "1/10W"; VariantName = "[No Variations]"
Added Component: Designator=R26(RESISTOR_0603)
Add component (AddParameter): Name = "Digikey Part Numer"; Value = "CR0603-JW-104ELFTR-ND"; VariantName = "[No Variations]"
Add component (AddParameter): Name = "Made By"; Value = "Robert Pafford"; VariantName = "[No Variations]"
Add component (AddParameter): Name = "Supplier"; Value = "Digikey"; VariantName = "[No Variations]"
Add component (AddParameter): Name = "Supplier 1"; Value = "Digi-Key"; VariantName = "[No Variations]"
Add component (AddParameter): Name = "Supplier Part Number 1"; Value = "749-1695-1-ND"; VariantName = "[No Variations]"
Add component (AddParameter): Name = "Tolerance"; Value = "+/- 0.5%"; VariantName = "[No Variations]"
Add component (AddParameter): Name = "Value  (Ohms)"; Value = "10K"; VariantName = "[No Variations]"
Add component (AddParameter): Name = "Verified By"; Value = ""; VariantName = "[No Variations]"
Add component (AddParameter): Name = "Wattage"; Value = "1/10W"; VariantName = "[No Variations]"
Added Component: Designator=R27(RESISTOR_0603)
Add component (AddParameter): Name = "Digikey Part Numer"; Value = "CR0603-JW-104ELFTR-ND"; VariantName = "[No Variations]"
Add component (AddParameter): Name = "Made By"; Value = "Robert Pafford"; VariantName = "[No Variations]"
Add component (AddParameter): Name = "Supplier"; Value = "Digikey"; VariantName = "[No Variations]"
Add component (AddParameter): Name = "Supplier 1"; Value = "Digi-Key"; VariantName = "[No Variations]"
Add component (AddParameter): Name = "Supplier Part Number 1"; Value = "749-1695-1-ND"; VariantName = "[No Variations]"
Add component (AddParameter): Name = "Tolerance"; Value = "+/- 0.5%"; VariantName = "[No Variations]"
Add component (AddParameter): Name = "Value  (Ohms)"; Value = "10K"; VariantName = "[No Variations]"
Add component (AddParameter): Name = "Verified By"; Value = ""; VariantName = "[No Variations]"
Add component (AddParameter): Name = "Wattage"; Value = "1/10W"; VariantName = "[No Variations]"
Added Component: Designator=R28(RESISTOR_0603)
Add component (AddParameter): Name = "Digikey Part Numer"; Value = "CR0603-JW-104ELFTR-ND"; VariantName = "[No Variations]"
Add component (AddParameter): Name = "Made By"; Value = "Robert Pafford"; VariantName = "[No Variations]"
Add component (AddParameter): Name = "Supplier"; Value = "Digikey"; VariantName = "[No Variations]"
Add component (AddParameter): Name = "Supplier 1"; Value = "Digi-Key"; VariantName = "[No Variations]"
Add component (AddParameter): Name = "Supplier Part Number 1"; Value = "749-1693-1-ND"; VariantName = "[No Variations]"
Add component (AddParameter): Name = "Tolerance"; Value = "+/- 0.5%"; VariantName = "[No Variations]"
Add component (AddParameter): Name = "Value  (Ohms)"; Value = "1K"; VariantName = "[No Variations]"
Add component (AddParameter): Name = "Verified By"; Value = ""; VariantName = "[No Variations]"
Add component (AddParameter): Name = "Wattage"; Value = "1/10W"; VariantName = "[No Variations]"
Added Component: Designator=R29(RESISTOR_0603)
Add component (AddParameter): Name = "Digikey Part Numer"; Value = "CR0603-JW-104ELFTR-ND"; VariantName = "[No Variations]"
Add component (AddParameter): Name = "Made By"; Value = "Robert Pafford"; VariantName = "[No Variations]"
Add component (AddParameter): Name = "Supplier"; Value = "Digikey"; VariantName = "[No Variations]"
Add component (AddParameter): Name = "Supplier 1"; Value = "Digi-Key"; VariantName = "[No Variations]"
Add component (AddParameter): Name = "Supplier Part Number 1"; Value = "749-1693-1-ND"; VariantName = "[No Variations]"
Add component (AddParameter): Name = "Tolerance"; Value = "+/- 0.5%"; VariantName = "[No Variations]"
Add component (AddParameter): Name = "Value  (Ohms)"; Value = "1K"; VariantName = "[No Variations]"
Add component (AddParameter): Name = "Verified By"; Value = ""; VariantName = "[No Variations]"
Add component (AddParameter): Name = "Wattage"; Value = "1/10W"; VariantName = "[No Variations]"
Added Component: Designator=R30(RESISTOR_0603)
Add component (AddParameter): Name = "Digikey Part Numer"; Value = "CR0603-JW-104ELFTR-ND"; VariantName = "[No Variations]"
Add component (AddParameter): Name = "Made By"; Value = "Robert Pafford"; VariantName = "[No Variations]"
Add component (AddParameter): Name = "Supplier"; Value = "Digikey"; VariantName = "[No Variations]"
Add component (AddParameter): Name = "Supplier 1"; Value = "Digi-Key"; VariantName = "[No Variations]"
Add component (AddParameter): Name = "Supplier Part Number 1"; Value = "749-1693-1-ND"; VariantName = "[No Variations]"
Add component (AddParameter): Name = "Tolerance"; Value = "+/- 0.5%"; VariantName = "[No Variations]"
Add component (AddParameter): Name = "Value  (Ohms)"; Value = "1K"; VariantName = "[No Variations]"
Add component (AddParameter): Name = "Verified By"; Value = ""; VariantName = "[No Variations]"
Add component (AddParameter): Name = "Wattage"; Value = "1/10W"; VariantName = "[No Variations]"
Added Component: Designator=R31(RESISTOR_0603)
Add component (AddParameter): Name = "Digikey Part Numer"; Value = "CR0603-JW-104ELFTR-ND"; VariantName = "[No Variations]"
Add component (AddParameter): Name = "Made By"; Value = "Robert Pafford"; VariantName = "[No Variations]"
Add component (AddParameter): Name = "Supplier"; Value = "Digikey"; VariantName = "[No Variations]"
Add component (AddParameter): Name = "Supplier 1"; Value = "Digi-Key"; VariantName = "[No Variations]"
Add component (AddParameter): Name = "Supplier Part Number 1"; Value = "749-1695-1-ND"; VariantName = "[No Variations]"
Add component (AddParameter): Name = "Tolerance"; Value = "+/- 0.5%"; VariantName = "[No Variations]"
Add component (AddParameter): Name = "Value  (Ohms)"; Value = "10K"; VariantName = "[No Variations]"
Add component (AddParameter): Name = "Verified By"; Value = ""; VariantName = "[No Variations]"
Add component (AddParameter): Name = "Wattage"; Value = "1/10W"; VariantName = "[No Variations]"
Added Component: Designator=R32(RESISTOR_0603)
Add component (AddParameter): Name = "Digikey Part Numer"; Value = "CR0603-JW-104ELFTR-ND"; VariantName = "[No Variations]"
Add component (AddParameter): Name = "Made By"; Value = "Robert Pafford"; VariantName = "[No Variations]"
Add component (AddParameter): Name = "Supplier"; Value = "Digikey"; VariantName = "[No Variations]"
Add component (AddParameter): Name = "Supplier 1"; Value = "Digi-Key"; VariantName = "[No Variations]"
Add component (AddParameter): Name = "Supplier Part Number 1"; Value = "RMCF0603JT4K70CT-ND"; VariantName = "[No Variations]"
Add component (AddParameter): Name = "Tolerance"; Value = "+/- 5%"; VariantName = "[No Variations]"
Add component (AddParameter): Name = "Value  (Ohms)"; Value = "4.7K"; VariantName = "[No Variations]"
Add component (AddParameter): Name = "Verified By"; Value = ""; VariantName = "[No Variations]"
Add component (AddParameter): Name = "Wattage"; Value = "1/10W"; VariantName = "[No Variations]"
Added Component: Designator=R33(RESISTOR_0603)
Add component (AddParameter): Name = "Digikey Part Numer"; Value = "CR0603-JW-104ELFTR-ND"; VariantName = "[No Variations]"
Add component (AddParameter): Name = "Made By"; Value = "Robert Pafford"; VariantName = "[No Variations]"
Add component (AddParameter): Name = "Supplier"; Value = "Digikey"; VariantName = "[No Variations]"
Add component (AddParameter): Name = "Supplier 1"; Value = "Digi-Key"; VariantName = "[No Variations]"
Add component (AddParameter): Name = "Supplier Part Number 1"; Value = "RMCF0603JT4K70CT-ND"; VariantName = "[No Variations]"
Add component (AddParameter): Name = "Tolerance"; Value = "+/- 5%"; VariantName = "[No Variations]"
Add component (AddParameter): Name = "Value  (Ohms)"; Value = "4.7K"; VariantName = "[No Variations]"
Add component (AddParameter): Name = "Verified By"; Value = ""; VariantName = "[No Variations]"
Add component (AddParameter): Name = "Wattage"; Value = "1/10W"; VariantName = "[No Variations]"
Added Component: Designator=R38(RESISTOR_0603)
Add component (AddParameter): Name = "ComponentLink1Description"; Value = "Datasheet"; VariantName = "[No Variations]"
Add component (AddParameter): Name = "ComponentLink1URL"; Value = "https://www.bourns.com/docs/product-datasheets/CRxxxxx.pdf"; VariantName = "[No Variations]"
Add component (AddParameter): Name = "Digikey Part Numer"; Value = "CR0603-JW-104ELFTR-ND"; VariantName = "[No Variations]"
Add component (AddParameter): Name = "Made By"; Value = "Robert Pafford"; VariantName = "[No Variations]"
Add component (AddParameter): Name = "Supplier"; Value = "Digikey"; VariantName = "[No Variations]"
Add component (AddParameter): Name = "Supplier 1"; Value = "Digi-Key"; VariantName = "[No Variations]"
Add component (AddParameter): Name = "Supplier Part Number 1"; Value = "2019-RK73B1JTTD102JCT-ND"; VariantName = "[No Variations]"
Add component (AddParameter): Name = "Tolerance"; Value = "+/- 5%"; VariantName = "[No Variations]"
Add component (AddParameter): Name = "Value  (Ohms)"; Value = "1K"; VariantName = "[No Variations]"
Add component (AddParameter): Name = "Verified By"; Value = ""; VariantName = "[No Variations]"
Add component (AddParameter): Name = "Wattage"; Value = "1/8W"; VariantName = "[No Variations]"
Added Component: Designator=R39(FP-RT0402-MFG)
Add component (AddParameter): Name = "Automotive"; Value = "No"; VariantName = "[No Variations]"
Add component (AddParameter): Name = "Category"; Value = "Res"; VariantName = "[No Variations]"
Add component (AddParameter): Name = "ComponentLink2Description"; Value = "Datasheet"; VariantName = "[No Variations]"
Add component (AddParameter): Name = "ComponentLink2URL"; Value = "http://www.yageo.com/documents/recent/PYu-RT_1-to-0.01_RoHS_L_9.pdf"; VariantName = "[No Variations]"
Add component (AddParameter): Name = "Composition"; Value = "Thin Film"; VariantName = "[No Variations]"
Add component (AddParameter): Name = "Device Class L1"; Value = "Passive Components"; VariantName = "[No Variations]"
Add component (AddParameter): Name = "Device Class L2"; Value = "Resistors"; VariantName = "[No Variations]"
Add component (AddParameter): Name = "Device Class L3"; Value = "Chip SMD Resistors"; VariantName = "[No Variations]"
Add component (AddParameter): Name = "Digikey Description"; Value = "RES SMD 1.82K OHM 0.1% 1/16W"; VariantName = "[No Variations]"
Add component (AddParameter): Name = "Footprint Url"; Value = "http://www.yageo.com/exep/pages/download/literatures/PYu-R_Mount_10.pdf"; VariantName = "[No Variations]"
Add component (AddParameter): Name = "Height"; Value = "0.35mm"; VariantName = "[No Variations]"
Add component (AddParameter): Name = "Ipc Land Pattern Name"; Value = "RESC10050X30"; VariantName = "[No Variations]"
Add component (AddParameter): Name = "Lead Free"; Value = "Yes"; VariantName = "[No Variations]"
Add component (AddParameter): Name = "Manufacturer"; Value = "Yageo"; VariantName = "[No Variations]"
Add component (AddParameter): Name = "Manufacturer Part Number"; Value = "RT0402BRD071K82L"; VariantName = "[No Variations]"
Add component (AddParameter): Name = "Mouser Description"; Value = "Thin Film Resistors 1/16W 1.82K ohm .1% 25ppm"; VariantName = "[No Variations]"
Add component (AddParameter): Name = "Octopart"; Value = "https://octopart.com/rt0402brd071k82l-yageo-1433757"; VariantName = "[No Variations]"
Add component (AddParameter): Name = "Package"; Value = "RT0402"; VariantName = "[No Variations]"
Add component (AddParameter): Name = "Power Rating"; Value = "0.063W"; VariantName = "[No Variations]"
Add component (AddParameter): Name = "Resistance"; Value = "1.82KO"; VariantName = "[No Variations]"
Add component (AddParameter): Name = "RoHS"; Value = "TRUE"; VariantName = "[No Variations]"
Add component (AddParameter): Name = "Series"; Value = "RT"; VariantName = "[No Variations]"
Add component (AddParameter): Name = "Temperature"; Value = "-55°C to +155°C"; VariantName = "[No Variations]"
Add component (AddParameter): Name = "Temperature Coefficient"; Value = "25 ppm/°C"; VariantName = "[No Variations]"
Add component (AddParameter): Name = "Temperature Range High"; Value = "+155°C"; VariantName = "[No Variations]"
Add component (AddParameter): Name = "Temperature Range Low"; Value = "-55°C"; VariantName = "[No Variations]"
Add component (AddParameter): Name = "Tolerance"; Value = "0.001"; VariantName = "[No Variations]"
Add component (AddParameter): Name = "Value"; Value = "1.82KO"; VariantName = "[No Variations]"
Add component (AddParameter): Name = "Voltage Rating"; Value = "50V"; VariantName = "[No Variations]"
Added Component: Designator=R40(RESISTOR_0402)
Add component (AddParameter): Name = "Made By"; Value = "John Ulm"; VariantName = "[No Variations]"
Add component (AddParameter): Name = "Supplier 1"; Value = "Digi-Key"; VariantName = "[No Variations]"
Add component (AddParameter): Name = "Supplier Part Number 1"; Value = "2019-RN73H1ETTP8561F50CT-ND"; VariantName = "[No Variations]"
Add component (AddParameter): Name = "Tolerance"; Value = "+/- 1%"; VariantName = "[No Variations]"
Add component (AddParameter): Name = "Value (Ohms)"; Value = "8.56K"; VariantName = "[No Variations]"
Add component (AddParameter): Name = "Verified By"; Value = ""; VariantName = "[No Variations]"
Add component (AddParameter): Name = "Wattage"; Value = "1/16W"; VariantName = "[No Variations]"
Added Component: Designator=R46(RESISTOR_0603)
Add component (AddParameter): Name = "Made By"; Value = "Robert Pafford"; VariantName = "[No Variations]"
Add component (AddParameter): Name = "Supplier 1"; Value = "Digi-Key"; VariantName = "[No Variations]"
Add component (AddParameter): Name = "Supplier Part Number 1"; Value = "P3.90KHCT-ND"; VariantName = "[No Variations]"
Add component (AddParameter): Name = "Tolerance"; Value = "+/- 1%"; VariantName = "[No Variations]"
Add component (AddParameter): Name = "Value  (Ohms)"; Value = "3.9K"; VariantName = "[No Variations]"
Add component (AddParameter): Name = "Verified By"; Value = ""; VariantName = "[No Variations]"
Add component (AddParameter): Name = "Wattage"; Value = "1/10W"; VariantName = "[No Variations]"
Added Component: Designator=U1(SOIC8-N_MC_MCH)
Add component (AddParameter): Name = "Copyright"; Value = "Copyright (C) 2024 Ultra Librarian. All rights reserved."; VariantName = "[No Variations]"
Add component (AddParameter): Name = "Manufacturer_Part_Number"; Value = "TC4432EOA713"; VariantName = "[No Variations]"
Add component (AddParameter): Name = "Mfr_Name"; Value = "Microchip"; VariantName = "[No Variations]"
Add component (AddParameter): Name = "RefDes"; Value = "RefDes"; VariantName = "[No Variations]"
Add component (AddParameter): Name = "Supplier 1"; Value = "Digikey"; VariantName = "[No Variations]"
Add component (AddParameter): Name = "Supplier Part Number 1"; Value = "TC4432EOA713CT-ND"; VariantName = "[No Variations]"
Add component (AddParameter): Name = "Type"; Value = "DEV"; VariantName = "[No Variations]"
Added Component: Designator=U2(SOIC8-N_MC_MCH)
Add component (AddParameter): Name = "Copyright"; Value = "Copyright (C) 2024 Ultra Librarian. All rights reserved."; VariantName = "[No Variations]"
Add component (AddParameter): Name = "Manufacturer_Part_Number"; Value = "TC4432EOA713"; VariantName = "[No Variations]"
Add component (AddParameter): Name = "Mfr_Name"; Value = "Microchip"; VariantName = "[No Variations]"
Add component (AddParameter): Name = "RefDes"; Value = "RefDes"; VariantName = "[No Variations]"
Add component (AddParameter): Name = "Supplier 1"; Value = "Digikey"; VariantName = "[No Variations]"
Add component (AddParameter): Name = "Supplier Part Number 1"; Value = "TC4432EOA713CT-ND"; VariantName = "[No Variations]"
Add component (AddParameter): Name = "Type"; Value = "DEV"; VariantName = "[No Variations]"
Added Component: Designator=U3(TSOP6_DG_VIS-M)
Add component (AddParameter): Name = "Copyright"; Value = "Copyright (C) 2024 Ultra Librarian. All rights reserved."; VariantName = "[No Variations]"
Add component (AddParameter): Name = "Manufacturer_Part_Number"; Value = "DG448DV-T1-E3"; VariantName = "[No Variations]"
Add component (AddParameter): Name = "Mfr_Name"; Value = "Vishay"; VariantName = "[No Variations]"
Add component (AddParameter): Name = "RefDes"; Value = "RefDes"; VariantName = "[No Variations]"
Add component (AddParameter): Name = "Supplier 1"; Value = "Mouser"; VariantName = "[No Variations]"
Add component (AddParameter): Name = "Supplier Part Number 1"; Value = "781-DG448DV-E3"; VariantName = "[No Variations]"
Add component (AddParameter): Name = "Type"; Value = "DEV"; VariantName = "[No Variations]"
Added Component: Designator=U4(XDCR_SHT41-AD1B-R2)
Add component (AddParameter): Name = "Availability"; Value = "In Stock"; VariantName = "[No Variations]"
Add component (AddParameter): Name = "Check_prices"; Value = "https://www.snapeda.com/parts/SHT41-AD1B-R2/Sensirion/view-part/?ref=eda"; VariantName = "[No Variations]"
Add component (AddParameter): Name = "MF"; Value = "Sensirion"; VariantName = "[No Variations]"
Add component (AddParameter): Name = "MP"; Value = "SHT41-AD1B-R2"; VariantName = "[No Variations]"
Add component (AddParameter): Name = "Package"; Value = "None"; VariantName = "[No Variations]"
Add component (AddParameter): Name = "Price"; Value = "None"; VariantName = "[No Variations]"
Add component (AddParameter): Name = "Purchase-URL"; Value = "https://pricing.snapeda.com/search/part/SHT41-AD1B-R2/?ref=eda"; VariantName = "[No Variations]"
Add component (AddParameter): Name = "SnapEDA_Link"; Value = "https://www.snapeda.com/parts/SHT41-AD1B-R2/Sensirion/view-part/?ref=snap"; VariantName = "[No Variations]"
Add component (AddParameter): Name = "Supplier 1"; Value = "Digi-Key"; VariantName = "[No Variations]"
Add component (AddParameter): Name = "Supplier Part Number 1"; Value = "1649-SHT41-AD1B-R2CT-ND"; VariantName = "[No Variations]"
Add component (AddParameter): Name = "Value"; Value = ""; VariantName = "[No Variations]"
Added Component: Designator=U5(SOIC127P600X175-14N)
Add component (AddParameter): Name = "Availability"; Value = "Unavailable"; VariantName = "[No Variations]"
Add component (AddParameter): Name = "MF"; Value = "Microchip"; VariantName = "[No Variations]"
Add component (AddParameter): Name = "MP"; Value = "MCP3428-E/SL"; VariantName = "[No Variations]"
Add component (AddParameter): Name = "Package"; Value = "SOIC-14 Microchip"; VariantName = "[No Variations]"
Add component (AddParameter): Name = "Price"; Value = "None"; VariantName = "[No Variations]"
Add component (AddParameter): Name = "SnapEDA_Link"; Value = "https://www.snapeda.com/parts/MCP3428-E/SL/Microchip/view-part/13249/?ref=snap"; VariantName = "[No Variations]"
Add component (AddParameter): Name = "Supplier 1"; Value = "Digikey"; VariantName = "[No Variations]"
Add component (AddParameter): Name = "Supplier Part Number 1"; Value = "MCP3428-E/SL-ND"; VariantName = "[No Variations]"
Add component (AddParameter): Name = "Value"; Value = ""; VariantName = "[No Variations]"
Added Component: Designator=U6(SOT-223-4)
Add component (AddParameter): Name = "Arrow_Electronics-Purchase-URL"; Value = "https://snapeda.com/shop?store=Arrow+Electronics&id=410186"; VariantName = "[No Variations]"
Add component (AddParameter): Name = "Availability"; Value = "Good"; VariantName = "[No Variations]"
Add component (AddParameter): Name = "DigiKey-Purchase-URL"; Value = "https://snapeda.com/shop?store=DigiKey&id=410186"; VariantName = "[No Variations]"
Add component (AddParameter): Name = "MF"; Value = "Texas Instruments"; VariantName = "[No Variations]"
Add component (AddParameter): Name = "Mouser-Purchase-URL"; Value = "https://snapeda.com/shop?store=Mouser&id=410186"; VariantName = "[No Variations]"
Add component (AddParameter): Name = "MP"; Value = "LM1117IMPX-3.3/NOPB"; VariantName = "[No Variations]"
Add component (AddParameter): Name = "Package"; Value = "SOT-223-4 Texas Instruments"; VariantName = "[No Variations]"
Add component (AddParameter): Name = "Price"; Value = "None"; VariantName = "[No Variations]"
Add component (AddParameter): Name = "SnapEDA_Link"; Value = "https://www.snapeda.com/parts/LM1117IMPX-3.3/NOPB/Texas%20Instruments/view-part/410186/?ref=snap"; VariantName = "[No Variations]"
Add component (AddParameter): Name = "Texas_Instruments-Purchase-URL"; Value = "https://snapeda.com/shop?store=Texas+Instruments&id=410186"; VariantName = "[No Variations]"
Add component (AddParameter): Name = "Value"; Value = ""; VariantName = "[No Variations]"
Added Component: Designator=U7(D2PAK_VIS)
Add component (AddParameter): Name = "ComponentLink1Description"; Value = "Supplier Link"; VariantName = "[No Variations]"
Add component (AddParameter): Name = "ComponentLink1URL"; Value = "https://www.digikey.com/en/products/detail/smc-diode-solutions/MBRB2545CT/6022901"; VariantName = "[No Variations]"
Add component (AddParameter): Name = "Copyright"; Value = "Copyright (C) 2023 Ultra Librarian. All rights reserved."; VariantName = "[No Variations]"
Add component (AddParameter): Name = "Manufacturer_Part_Number"; Value = "MBRB2545CT"; VariantName = "[No Variations]"
Add component (AddParameter): Name = "Mfr_Name"; Value = "Vishay"; VariantName = "[No Variations]"
Add component (AddParameter): Name = "RefDes"; Value = "RefDes"; VariantName = "[No Variations]"
Add component (AddParameter): Name = "Type"; Value = "DEV"; VariantName = "[No Variations]"
Added Pin To Net: NetName=dGND Pin=C1-2
Added Pin To Net: NetName=5V Pin=C4-1
Added Pin To Net: NetName=dGND Pin=C4-2
Added Pin To Net: NetName=3V3 Pin=C5-1
Added Pin To Net: NetName=dGND Pin=C5-2
Added Pin To Net: NetName=dGND Pin=C6-2
Added Pin To Net: NetName=VCC Pin=C7-1
Added Pin To Net: NetName=dGND Pin=C7-2
Added Pin To Net: NetName=VCC Pin=C8-1
Added Pin To Net: NetName=dGND Pin=C8-2
Added Pin To Net: NetName=dGND Pin=C9-2
Added Pin To Net: NetName=5V Pin=C10-1
Added Pin To Net: NetName=dGND Pin=C10-2
Added Pin To Net: NetName=5V Pin=C11-1
Added Pin To Net: NetName=dGND Pin=C11-2
Added Pin To Net: NetName=dGND Pin=D1-2
Added Pin To Net: NetName=dGND Pin=D2-2
Added Pin To Net: NetName=dGND Pin=D4-2
Added Pin To Net: NetName=dGND Pin=D5-2
Added Pin To Net: NetName=dGND Pin=D6-2
Added Pin To Net: NetName=dGND Pin=D7-2
Added Pin To Net: NetName=dGND Pin=D11-2
Added Pin To Net: NetName=dGND Pin=J1-1
Added Pin To Net: NetName=dGND Pin=J1-2
Added Pin To Net: NetName=dGND Pin=J1-3
Added Pin To Net: NetName=dGND Pin=J1-4
Added Pin To Net: NetName=dGND Pin=J2-1
Added Pin To Net: NetName=dGND Pin=J2-2
Added Pin To Net: NetName=dGND Pin=J4-1
Added Pin To Net: NetName=5V Pin=J6-1
Added Pin To Net: NetName=dGND Pin=J6-4
Added Pin To Net: NetName=dGND Pin=J6-S1
Added Pin To Net: NetName=dGND Pin=J6-S2
Added Pin To Net: NetName=dGND Pin=J7-1
Added Pin To Net: NetName=dGND Pin=J7-2
Added Pin To Net: NetName=dGND Pin=J7-3
Added Pin To Net: NetName=dGND Pin=J7-4
Added Pin To Net: NetName=CANL Pin=J8-1
Added Pin To Net: NetName=dGND Pin=J8-2
Added Pin To Net: NetName=CANH Pin=J8-4
Added Pin To Net: NetName=5V Pin=J8-5
Added Pin To Net: NetName=VCC Pin=J8-6
Added Pin To Net: NetName=USB_N Pin=J9-2
Added Pin To Net: NetName=USB_P Pin=J9-3
Added Pin To Net: NetName=dGND Pin=J9-5
Added Pin To Net: NetName=dGND Pin=J9-6
Added Pin To Net: NetName=dGND Pin=J9-7
Added Pin To Net: NetName=dGND Pin=J9-8
Added Pin To Net: NetName=dGND Pin=J9-9
Added Pin To Net: NetName=VCC Pin=J10-1
Added Pin To Net: NetName=dGND Pin=J10-2
Added Pin To Net: NetName=dGND Pin=J?-3
Added Pin To Net: NetName=dGND Pin=J?-4
Added Pin To Net: NetName=dGND Pin=PS1-2
Added Pin To Net: NetName=dGND Pin=PS1-3
Added Pin To Net: NetName=dGND Pin=PS1-4
Added Pin To Net: NetName=VCC Pin=PS1-7
Added Pin To Net: NetName=VCC Pin=PS1-8
Added Pin To Net: NetName=dGND Pin=PS2-2
Added Pin To Net: NetName=dGND Pin=PS2-3
Added Pin To Net: NetName=dGND Pin=PS2-4
Added Pin To Net: NetName=5V Pin=PS2-7
Added Pin To Net: NetName=5V Pin=PS2-8
Added Pin To Net: NetName=dGND Pin=Q2-2
Added Pin To Net: NetName=NetQ1_4 Pin=Q2-3
Added Pin To Net: NetName=VCC Pin=Q3-1
Added Pin To Net: NetName=VCC Pin=Q3-2
Added Pin To Net: NetName=VCC Pin=Q3-3
Added Pin To Net: NetName=dGND Pin=Q6-2
Added Pin To Net: NetName=dGND Pin=Q9-2
Added Pin To Net: NetName=NetD1_1 Pin=R1-1
Added Pin To Net: NetName=VCC Pin=R2-1
Added Pin To Net: NetName=NetQ1_4 Pin=R2-2
Added Pin To Net: NetName=NetD3_1 Pin=R3-1
Added Pin To Net: NetName=3V3 Pin=R3-2
Added Pin To Net: NetName=3V3 Pin=R5-1
Added Pin To Net: NetName=5V Pin=R6-1
Added Pin To Net: NetName=VCC Pin=R12-1
Added Pin To Net: NetName=dGND Pin=R15-2
Added Pin To Net: NetName=3V3 Pin=R18-1
Added Pin To Net: NetName=dGND Pin=R19-1
Added Pin To Net: NetName=VCC Pin=R25-1
Added Pin To Net: NetName=5V Pin=R26-1
Added Pin To Net: NetName=3V3 Pin=R27-1
Added Pin To Net: NetName=dGND Pin=R28-2
Added Pin To Net: NetName=dGND Pin=R29-2
Added Pin To Net: NetName=dGND Pin=R30-2
Added Pin To Net: NetName=dGND Pin=R31-2
Added Pin To Net: NetName=3V3 Pin=R32-1
Added Pin To Net: NetName=3V3 Pin=R33-1
Added Pin To Net: NetName=3V3 Pin=R38-1
Added Pin To Net: NetName=dGND Pin=R39-1
Added Pin To Net: NetName=dGND Pin=R40-2
Added Pin To Net: NetName=VCC Pin=R46-1
Added Pin To Net: NetName=dGND Pin=U1-4
Added Pin To Net: NetName=dGND Pin=U1-5
Added Pin To Net: NetName=dGND Pin=U2-4
Added Pin To Net: NetName=dGND Pin=U2-5
Added Pin To Net: NetName=dGND Pin=U3-2
Added Pin To Net: NetName=dGND Pin=U3-4
Added Pin To Net: NetName=3V3 Pin=U4-3
Added Pin To Net: NetName=dGND Pin=U4-4
Added Pin To Net: NetName=dGND Pin=U5-2
Added Pin To Net: NetName=dGND Pin=U5-4
Added Pin To Net: NetName=dGND Pin=U5-5
Added Pin To Net: NetName=3V3 Pin=U5-6
Added Pin To Net: NetName=dGND Pin=U5-9
Added Pin To Net: NetName=dGND Pin=U5-10
Added Pin To Net: NetName=dGND Pin=U5-12
Added Pin To Net: NetName=dGND Pin=U5-14
Added Pin To Net: NetName=dGND Pin=U6-1
Added Pin To Net: NetName=3V3 Pin=U6-2
Added Pin To Net: NetName=5V Pin=U6-3
Added Pin To Net: NetName=3V3 Pin=U6-4
Change Net Name : Old Net Name=3V3 New Net Name=3V3_RP2CAN
Change Net Name : Old Net Name=dGND New Net Name=GND
Change Net Name : Old Net Name=VCC New Net Name=12V
Added Pin To Net: NetName=3V3_MEAS Pin=R27-2
Added Pin To Net: NetName=3V3_MEAS Pin=R31-1
Added Pin To Net: NetName=3V3_MEAS Pin=U5-3
Added Net: Name=3V3_MEAS
Added Pin To Net: NetName=5V_MEAS Pin=R26-2
Added Pin To Net: NetName=5V_MEAS Pin=R30-1
Added Pin To Net: NetName=5V_MEAS Pin=U5-11
Added Net: Name=5V_MEAS
Added Pin To Net: NetName=12V_MEAS Pin=R25-2
Added Pin To Net: NetName=12V_MEAS Pin=R29-1
Added Pin To Net: NetName=12V_MEAS Pin=U5-13
Added Net: Name=12V_MEAS
Added Pin To Net: NetName=AUX_SWITCH Pin=J2-4
Added Pin To Net: NetName=AUX_SWITCH Pin=R38-2
Added Pin To Net: NetName=AUX_SWITCH Pin=U1R-13
Added Net: Name=AUX_SWITCH
Added Pin To Net: NetName=KILL_FEEDBACK Pin=Q9-3
Added Pin To Net: NetName=KILL_FEEDBACK Pin=R18-2
Added Pin To Net: NetName=KILL_FEEDBACK Pin=U1R-35
Added Net: Name=KILL_FEEDBACK
Added Pin To Net: NetName=KILL_SWITCH Pin=J2-3
Added Pin To Net: NetName=KILL_SWITCH Pin=R23-2
Added Net: Name=KILL_SWITCH
Added Pin To Net: NetName=MOTOR_EN Pin=R20-1
Added Pin To Net: NetName=MOTOR_EN Pin=R21-2
Added Pin To Net: NetName=MOTOR_EN Pin=U3-6
Added Net: Name=MOTOR_EN
Added Pin To Net: NetName=MOTOR_PWR Pin=J1-5
Added Pin To Net: NetName=MOTOR_PWR Pin=J1-6
Added Pin To Net: NetName=MOTOR_PWR Pin=J1-7
Added Pin To Net: NetName=MOTOR_PWR Pin=J1-8
Added Pin To Net: NetName=MOTOR_PWR Pin=Q10-D
Added Pin To Net: NetName=MOTOR_PWR Pin=Q10-D
Added Pin To Net: NetName=MOTOR_PWR Pin=Q10-D
Added Pin To Net: NetName=MOTOR_PWR Pin=Q10-D
Added Pin To Net: NetName=MOTOR_PWR Pin=Q10-D
Added Pin To Net: NetName=MOTOR_PWR Pin=Q11-D
Added Pin To Net: NetName=MOTOR_PWR Pin=Q11-D
Added Pin To Net: NetName=MOTOR_PWR Pin=Q11-D
Added Pin To Net: NetName=MOTOR_PWR Pin=Q11-D
Added Pin To Net: NetName=MOTOR_PWR Pin=Q11-D
Added Pin To Net: NetName=MOTOR_PWR Pin=R8-1
Added Net: Name=MOTOR_PWR
Added Pin To Net: NetName=NetC1_1 Pin=C1-1
Added Pin To Net: NetName=NetC1_1 Pin=Q9-1
Added Pin To Net: NetName=NetC1_1 Pin=R22-2
Added Pin To Net: NetName=NetC1_1 Pin=R23-1
Added Pin To Net: NetName=NetC1_1 Pin=U3-1
Added Net: Name=NetC1_1
Added Pin To Net: NetName=NetD2_1 Pin=D2-1
Added Pin To Net: NetName=NetD2_1 Pin=R4-2
Added Net: Name=NetD2_1
Added Pin To Net: NetName=NetD4_1 Pin=D4-1
Added Pin To Net: NetName=NetD4_1 Pin=R6-2
Added Net: Name=NetD4_1
Added Pin To Net: NetName=NetD5_1 Pin=D5-1
Added Pin To Net: NetName=NetD5_1 Pin=R7-2
Added Net: Name=NetD5_1
Added Pin To Net: NetName=NetD6_1 Pin=D6-1
Added Pin To Net: NetName=NetD6_1 Pin=R8-2
Added Net: Name=NetD6_1
Added Pin To Net: NetName=NetD7_1 Pin=D7-1
Added Pin To Net: NetName=NetD7_1 Pin=R9-1
Added Net: Name=NetD7_1
Added Pin To Net: NetName=NetD11_1 Pin=D11-1
Added Pin To Net: NetName=NetD11_1 Pin=R46-2
Added Net: Name=NetD11_1
Added Pin To Net: NetName=NetPS1_6 Pin=PS1-6
Added Pin To Net: NetName=NetPS1_6 Pin=R39-2
Added Net: Name=NetPS1_6
Added Pin To Net: NetName=NetPS2_6 Pin=PS2-6
Added Pin To Net: NetName=NetPS2_6 Pin=R40-1
Added Net: Name=NetPS2_6
Added Pin To Net: NetName=NetQ3_4 Pin=Q3-4
Added Pin To Net: NetName=NetQ3_4 Pin=Q6-3
Added Pin To Net: NetName=NetQ3_4 Pin=R12-2
Added Net: Name=NetQ3_4
Added Pin To Net: NetName=NetQ10_4 Pin=Q10-4
Added Pin To Net: NetName=NetQ10_4 Pin=U1-6
Added Pin To Net: NetName=NetQ10_4 Pin=U1-7
Added Net: Name=NetQ10_4
Added Pin To Net: NetName=NetQ11_4 Pin=Q11-4
Added Pin To Net: NetName=NetQ11_4 Pin=U2-6
Added Pin To Net: NetName=NetQ11_4 Pin=U2-7
Added Net: Name=NetQ11_4
Added Pin To Net: NetName=NetR21_1 Pin=R21-1
Added Pin To Net: NetName=NetR21_1 Pin=U1-2
Added Pin To Net: NetName=NetR21_1 Pin=U2-2
Added Net: Name=NetR21_1
Added Pin To Net: NetName=NetU1R_2 Pin=U1R-2
Added Net: Name=NetU1R_2
Added Pin To Net: NetName=NetU1R_3 Pin=U1R-3
Added Net: Name=NetU1R_3
Added Pin To Net: NetName=NetU1R_4 Pin=U1R-4
Added Net: Name=NetU1R_4
Added Pin To Net: NetName=NetU1R_5 Pin=U1R-5
Added Net: Name=NetU1R_5
Added Pin To Net: NetName=NetU1R_6 Pin=U1R-6
Added Net: Name=NetU1R_6
Added Pin To Net: NetName=NetU1R_7 Pin=U1R-7
Added Net: Name=NetU1R_7
Added Pin To Net: NetName=NetU1R_8 Pin=U1R-8
Added Net: Name=NetU1R_8
Added Pin To Net: NetName=NetU1R_9 Pin=U1R-9
Added Net: Name=NetU1R_9
Added Pin To Net: NetName=NetU1R_40 Pin=U1R-40
Added Net: Name=NetU1R_40
Added Pin To Net: NetName=NetU1R_41 Pin=U1R-41
Added Net: Name=NetU1R_41
Added Pin To Net: NetName=Orin_PWR Pin=J4-2
Added Pin To Net: NetName=Orin_PWR Pin=Q1-D
Added Pin To Net: NetName=Orin_PWR Pin=Q1-D
Added Pin To Net: NetName=Orin_PWR Pin=Q1-D
Added Pin To Net: NetName=Orin_PWR Pin=Q1-D
Added Pin To Net: NetName=Orin_PWR Pin=Q1-D
Added Pin To Net: NetName=Orin_PWR Pin=R1-2
Added Net: Name=Orin_PWR
Added Pin To Net: NetName=Orin_SW Pin=Q2-1
Added Pin To Net: NetName=Orin_SW Pin=R5-2
Added Pin To Net: NetName=Orin_SW Pin=U1R-14
Added Net: Name=Orin_SW
Added Pin To Net: NetName=SCL_0 Pin=J6-2
Added Pin To Net: NetName=SCL_0 Pin=R33-2
Added Pin To Net: NetName=SCL_0 Pin=U1R-37
Added Pin To Net: NetName=SCL_0 Pin=U4-2
Added Pin To Net: NetName=SCL_0 Pin=U5-8
Added Net: Name=SCL_0
Added Pin To Net: NetName=SDA_0 Pin=J6-3
Added Pin To Net: NetName=SDA_0 Pin=R32-2
Added Pin To Net: NetName=SDA_0 Pin=U1R-36
Added Pin To Net: NetName=SDA_0 Pin=U4-1
Added Pin To Net: NetName=SDA_0 Pin=U5-7
Added Net: Name=SDA_0
Added Pin To Net: NetName=SOFTWARE_KILL Pin=R19-2
Added Pin To Net: NetName=SOFTWARE_KILL Pin=U1R-15
Added Pin To Net: NetName=SOFTWARE_KILL Pin=U3-3
Added Net: Name=SOFTWARE_KILL
Added Pin To Net: NetName=Solinoid_3_PWR Pin=J7-6
Added Pin To Net: NetName=Solinoid_3_PWR Pin=Q3-D
Added Pin To Net: NetName=Solinoid_3_PWR Pin=Q3-D
Added Pin To Net: NetName=Solinoid_3_PWR Pin=Q3-D
Added Pin To Net: NetName=Solinoid_3_PWR Pin=Q3-D
Added Pin To Net: NetName=Solinoid_3_PWR Pin=Q3-D
Added Pin To Net: NetName=Solinoid_3_PWR Pin=R9-2
Added Net: Name=Solinoid_3_PWR
Added Pin To Net: NetName=Solinoid_3_SW Pin=Q6-1
Added Pin To Net: NetName=Solinoid_3_SW Pin=R15-1
Added Pin To Net: NetName=Solinoid_3_SW Pin=U1R-12
Added Net: Name=Solinoid_3_SW
Added Pin To Net: NetName=V+ Pin=J?-1
Added Pin To Net: NetName=V+ Pin=J?-2
Added Pin To Net: NetName=V+ Pin=Q10-1
Added Pin To Net: NetName=V+ Pin=Q10-2
Added Pin To Net: NetName=V+ Pin=Q10-3
Added Pin To Net: NetName=V+ Pin=Q11-1
Added Pin To Net: NetName=V+ Pin=Q11-2
Added Pin To Net: NetName=V+ Pin=Q11-3
Added Pin To Net: NetName=V+ Pin=R7-1
Added Pin To Net: NetName=V+ Pin=R20-2
Added Pin To Net: NetName=V+ Pin=R22-1
Added Pin To Net: NetName=V+ Pin=U1-1
Added Pin To Net: NetName=V+ Pin=U1-8
Added Pin To Net: NetName=V+ Pin=U2-1
Added Pin To Net: NetName=V+ Pin=U2-8
Added Pin To Net: NetName=V+ Pin=U3-5
Added Pin To Net: NetName=V+ Pin=U7-1
Added Pin To Net: NetName=V+ Pin=U7-3
Added Net: Name=V+
Added Pin To Net: NetName=Vreg_MEAS Pin=R24-2
Added Pin To Net: NetName=Vreg_MEAS Pin=R28-1
Added Pin To Net: NetName=Vreg_MEAS Pin=U5-1
Added Net: Name=Vreg_MEAS
Added Pin To Net: NetName=Vreg Pin=C6-1
Added Pin To Net: NetName=Vreg Pin=C9-1
Added Pin To Net: NetName=Vreg Pin=J8-3
Added Pin To Net: NetName=Vreg Pin=PS1-1
Added Pin To Net: NetName=Vreg Pin=PS2-1
Added Pin To Net: NetName=Vreg Pin=R4-1
Added Pin To Net: NetName=Vreg Pin=R24-1
Added Pin To Net: NetName=Vreg Pin=U7-2
Added Net: Name=Vreg
Change Class Name : Old Net Name=ESC New Net Name=Connector
Added Class: Name=U_PD_MK2_Circuits
Added Class: Name=U_PD_MK2_Killswitch
Added Class: Name=U_PD_MK2_Power
Added Member To Class: ClassName=Connector Member=Component D4 IN-S63AT5G
Added Member To Class: ClassName=Connector Member=Component D5 IN-S63AT5G
Added Member To Class: ClassName=Connector Member=Component D6 150060BS75000
Added Member To Class: ClassName=Connector Member=Component D7 IN-S63AT5G
Added Member To Class: ClassName=Connector Member=Component D11 IN-S63AT5G
Added Member To Class: ClassName=Connector Member=Component J7 Microfit+ R/A
Added Member To Class: ClassName=Connector Member=Component J8 Microfit+ R/A
Added Member To Class: ClassName=Connector Member=Component J9 USB_MICRO R/A
Added Member To Class: ClassName=Connector Member=Component J10 XH2.54 VERT
Added Member To Class: ClassName=Connector Member=Component J? PP45 R/A
Added Member To Class: ClassName=Connector Member=Component Q3 SIR167DP-T1-GE3
Added Member To Class: ClassName=Connector Member=Component Q6 AO3404A
Added Member To Class: ClassName=Connector Member=Component R8 3.9k Ohm 5% 1/10W
Added Member To Class: ClassName=Connector Member=Component R9 4.7k Ohm 5% 1/10W
Added Member To Class: ClassName=Connector Member=Component R12 10k Ohm 5% 1/10W
Added Member To Class: ClassName=Connector Member=Component R15 10k Ohm 5% 1/10W
Added Member To Class: ClassName=Connector Member=Component R46 3.9k Ohm 5% 1/10W
Added Rule: Name=Schematic Supply Nets_1
Added Rule: Name=Schematic Supply Nets_7
Added Rule: Name=Schematic Supply Nets_8
Added Rule: Name=Schematic Supply Nets_9
Added Rule: Name=Schematic Supply Nets_10
